district,maturity_pct,maintenance_intensity_pct,biometric_backlog_vol,Service_Profile
24 Paraganas North,0.0,0.0,102.48387096774194,1
24 Paraganas South,0.0,0.0,364.0,1
?,100.0,50.0,0.0,2
Adilabad,1915.5757590572898,79.76450921399022,-6.41945593581547,2
Agar Malwa,3337.3004835924007,68.64975820379965,-6.103626943005182,2
Agra,7673.39183020181,80.0251183020181,-46.224077940153094,0
Ahilyanagar,234.4459536784741,61.965817438692106,0.013623978201634877,2
Ahmadabad,557.9615493390716,65.27116815247463,0.9667998770365817,2
Ahmadnagar,4717.9416631355925,84.16415607344634,-17.740936911487758,0
Ahmed Nagar,433.9395278564684,63.801340887629834,-0.6100094428706326,2
Ahmedabad,6075.712189372232,78.42479161239906,-19.62229747330034,0
Ahmednagar,0.0,0.0,91.0,1
Aizawl,3034.692994960403,72.0623902087833,-18.472282217422606,2
Ajmer,3318.2272040201005,76.62781306532663,-13.573668341708542,2
Akhera,100.0,50.0,0.0,2
Akola,6212.752325834543,82.12179608127722,-17.58744557329463,0
Alappuzha,1120.3993983757214,73.3855631545202,-3.3672793331908526,2
Aligarh,5352.0197633304815,79.75382948388936,-36.33903621328771,0
Alipurduar,669.1437513572205,67.07629207383279,-1.1688382193268188,2
Alirajpur,5745.726561210454,74.32804676753783,-40.990371389270976,0
Allahabad,6640.560188457008,80.83328150765607,-39.50459363957597,0
Alluri Sitharama Raju,993.5858054226476,67.58267145135567,-2.835725677830941,2
Almora,1381.566245474294,75.09671614771905,-5.468501086169442,2
Alwar,4597.531863775734,77.2740429259746,-23.3694699956198,0
Ambala,4209.325703991131,77.10515521064302,-12.779379157427938,2
Ambedkar Nagar,3340.592420106525,78.88390812250333,-16.041611185086552,2
Amethi,3249.1633950969212,77.97199258836945,-15.07212086659065,2
Amravati,7807.472795216741,85.00493522670652,-23.94768310911809,0
Amreli,2324.977213375796,73.87720063694267,-9.602547770700637,2
Amritsar,4292.342271444695,77.7038374717833,-13.744920993227991,0
Amroha,8026.977112299464,79.9931398013751,-44.23223834988541,0
Anakapalli,595.6771500777604,67.20412908242612,-1.1388024883359253,2
Anand,2136.868258797654,72.66013196480938,-8.21774193548387,2
Ananthapuramu,3837.625056179775,80.96442719796131,-20.573033707865168,2
Anantnag,3966.8007322325916,78.23936826992103,-16.66618808327351,2
Andamans,546.042602739726,65.79705479452055,-0.589041095890411,2
Angul,2757.283649722002,76.21453534551232,-11.550039714058776,2
Anjaw,1730.3183146067415,79.3832584269663,-7.258426966292135,2
Annamayya,973.259413273485,64.22866303302341,-1.5158704713049054,2
Anugal,92.85714285714286,44.04785714285714,0.07142857142857142,2
Anugul,300.8473689138577,60.768707865168544,-0.29775280898876405,2
Anuppur,5922.438600917431,73.4881880733945,-22.004587155963304,0
Ariyalur,3177.2556463367855,75.93530878404296,-11.036823935558113,2
Arvalli,1671.6642332361516,70.47161516034986,-9.820991253644316,2
Arwal,3295.4924331550806,73.17196078431373,-9.824420677361854,2
Ashok Nagar,9638.901144343303,71.97646293888167,-52.93107932379714,0
Ashoknagar,0.0,0.0,318.8,1
Auraiya,4745.931533209187,80.672104283054,-25.251396648044693,0
Aurangabad,5861.100277860326,80.11135066864784,-20.502377414561664,0
Aurangabad(Bh),164.88230588235294,51.27978823529412,0.03764705882352941,2
Ayodhya,619.004531598513,66.82061338289964,-0.9319702602230483,2
Azamgarh,4102.153824932587,79.06966189587223,-17.930097490147272,0
Badgam,2343.030446998723,68.34357598978288,-3.790549169859515,2
Bagalkot,2718.5111180300028,74.5176450608548,-9.487404472120012,2
Bageshwar,1918.560938271605,76.39073251028807,-5.854320987654321,2
Baghpat,3574.6836498516323,75.64713353115727,-19.941246290801185,2
Bahraich,5850.978089005235,78.47571989528797,-49.37216404886562,0
Bajali,185.6534090909091,58.24045454545455,0.03409090909090909,2
Baksa,1185.0006394009217,70.20017857142857,-5.261520737327189,2
Balaghat,7495.530982776089,77.2373910840932,-32.654002026342454,0
Balangir,3761.048651196519,77.49563451776649,-15.650108774474257,2
Baleshwar,724.9049836065574,70.90193911007026,-1.2798594847775175,2
Baleswar,2370.28652757079,76.20394720034065,-11.55503512880562,2
Balianta,100.0,50.0,0.0,2
Ballari,1420.628780271707,67.42198759598347,-6.650620200826935,2
Ballia,3987.855653775322,81.02125493291238,-18.988687187582215,0
Bally Jagachha,100.0,50.0,0.0,2
Balod,9820.015960784312,83.80349019607843,-23.711764705882352,0
Baloda Bazar,9214.99281267067,82.6093009284544,-25.716548334243583,0
Balotra,200.53475935828877,60.96064171122995,0.0053475935828877,2
Balrampur,7408.152690687881,80.77150210575574,-35.41834347215723,0
Banas Kantha,172.50237974683546,45.67025316455696,15.017721518987342,2
Banaskantha,5247.262594429607,76.79930560854636,-24.03967951163678,0
Banda,7041.017991803278,80.40969672131148,-42.99590163934426,0
Bandipore,5034.074639830508,75.6711652542373,-19.209745762711865,0
Bandipur,50.0,25.0,0.5,2
Bangalore,2189.888769214682,76.65069015999164,-4.768691833106765,2
Bangalore Rural,3466.149869240349,74.76547322540473,-10.204856787048568,2
Banka,4320.8881536133185,75.48243284146803,-16.26598562239879,2
Bankura,2363.03923921822,75.84366822807301,-6.987562590857697,2
Banswara,6326.320778341794,78.41326565143824,-27.023688663282574,0
Bapatla,497.2041046551138,63.35156642881414,-1.128440366972477,2
Barabanki,4948.33116135938,80.58219427348139,-28.276424939791276,0
Baramula,4354.902741286863,77.8647855227882,-16.31166219839142,0
Baran,6893.7691027496385,77.9552966714906,-25.65195369030391,0
Barddhaman,1672.0368414841041,74.27455779302205,-4.7628531385999855,2
Bardez,116.98113207547169,51.573018867924524,-0.11320754716981132,2
Bardhaman,467.8347440742013,65.3943335623497,-0.27481964960494676,2
Bareilly,9522.851730769231,80.74399136577708,-57.36185243328101,0
Bargarh,3369.124368290669,78.01385631709331,-15.203137902559869,2
Barmer,7315.508926701571,76.3716641735228,-38.544502617801044,0
Barnala,3708.2196498054473,78.58576848249027,-14.57976653696498,2
Barpeta,3758.2755228005526,75.96114693689543,-24.743436204514047,2
Barwani,9232.382890365448,73.66205980066445,-71.50830564784053,0
Bastar,9438.08679755672,77.56696335078534,-18.740837696335078,0
Basti,4385.559186390532,77.82886464497041,-23.193786982248522,0
Bathinda,5447.284875066453,79.75479000531632,-21.11217437533227,0
Baudh,1230.0074162679425,74.33667464114832,-1.8157894736842106,2
Beawar,238.55421686746988,58.965301204819276,-0.006024096385542169,2
Beed,9149.683842003853,85.01292485549133,-39.97495183044316,0
Begusarai,8936.607275064267,79.92439588688946,-29.80719794344473,0
Belagavi,1145.634055161719,67.23242578644218,-5.020824102791316,2
Belgaum,1505.6032905471554,74.34749592080931,-4.1317306646361365,2
Bellary,1959.2175509670674,74.94001306847883,-6.578149503397804,2
Bemetara,13496.157473928159,82.9025955967555,-35.495944380069524,0
Bengaluru,3336.4195091292777,76.74537847508945,-11.220020185338104,2
Bengaluru Rural,146.875,47.23979166666667,29.875,2
Bengaluru South,299.200234791889,65.71710779082177,-0.007470651013874066,2
Bengaluru Urban,0.0,0.0,124.85567010309278,1
Betul,6968.621657568238,77.48293796526055,-30.37468982630273,0
Bhabua,99.27539130434782,43.72495652173913,0.08695652173913043,2
Bhadohi,1158.5487380330721,72.38863359442993,-2.865970409051349,2
Bhadradri Kothagudem,1557.6574498286832,75.0462163485071,-4.262359275575134,2
Bhadrak,2802.0178651987108,76.70878893662729,-13.003759398496241,2
Bhadrak(R),100.0,50.0,0.0,2
Bhagalpur,4654.2925408279525,77.36011773642234,-17.925939992404103,0
Bhandara,5571.399796769151,84.87424700364772,-15.284523189161021,0
Bharatpur,4933.565840537944,75.42103426192764,-21.40473903298111,0
Bharuch,2453.5441977715877,74.16645682451254,-9.506963788300835,2
Bhavnagar,3596.0701149999995,76.0943925,-14.18525,2
Bhilwara,4322.0732391235315,78.9512924738012,-17.390600190536677,0
Bhind,3545.283954198473,76.8724631043257,-21.466666666666665,2
Bhiwani,4143.632829875518,80.69887966804978,-13.991286307053942,0
Bhojpur,3431.8871684768883,78.74603182621874,-8.961101288204093,2
Bhopal,5735.029337016575,74.28566135846604,-25.000324991875203,0
Bicholim,100.0,50.0,0.0,2
Bid,1094.670136396267,72.07514716439339,-0.06963388370423547,2
Bidar,3535.5621974390747,79.31058653448987,-14.056588186699711,2
Bijapur,1824.693631430432,73.97515736922075,-5.179075320164967,2
Bijapur(Kar),86.66666666666667,43.333333333333336,0.0,2
Bijnor,9275.961835994194,81.24551161103048,-46.3388969521045,0
Bikaner,4521.287630350195,77.21470817120623,-20.900389105058366,0
Bilaspur,5473.704262477719,77.14141042780749,-14.57397504456328,0
Birbhum,3231.0795513847565,77.84424124513619,-7.7022201876859695,2
Bishnupur,10659.158160237388,82.2719584569733,-56.14540059347181,0
Biswanath,1019.959203606311,71.21730277986477,-3.955672426746807,2
Bokaro,3807.621981104222,76.71687629170357,-12.290817832890463,2
Bongaigaon,3289.7210578512395,78.11564462809916,-17.785123966942148,2
Botad,1435.6714209591476,65.87108348134991,-7.059502664298401,2
Boudh,2163.39799821269,75.20035746201965,-9.781054512957999,2
Budaun,5763.202190516156,77.56736466638691,-28.504825849769198,0
Budgam,4493.34436416185,77.73645953757224,-24.94508670520231,0
Bulandshahr,5149.715324738506,75.30915592313306,-29.710775966918025,0
Buldana,1955.850860838537,78.36417484388939,-0.9567350579839429,2
Buldhana,6827.159288771815,84.94963121501482,-25.34474810668423,0
Bundi,4341.597793939394,78.42826666666667,-17.574545454545454,0
Burdwan,100.0,43.334,0.2,2
Burhanpur,5086.084801670147,74.87114822546972,-55.90396659707724,0
Buxar,3170.9279968701094,78.55976134585289,-8.584115805946793,2
Cachar,1386.270078269825,71.83502780638517,-6.067765190525232,2
Central Delhi,6860.186783754117,77.76111964873766,-22.50603732162459,0
Chamarajanagar,338.74375510204084,56.37002721088435,-0.272108843537415,2
Chamba,1920.8941520190024,77.32548218527316,-6.678859857482185,2
Chamoli,1521.837144177449,74.37269408502773,-5.67467652495379,2
Champawat,3336.737100371747,80.84576208178439,-13.192069392812888,2
Champhai,3411.7928018223233,69.50127562642369,-24.637813211845103,2
Chamrajanagar,1784.1479594017094,73.85577457264958,-7.264423076923077,2
Chamrajnagar,294.29909569798065,59.225171202809484,-0.2177348551360843,2
Chandauli,5421.988327850878,80.54433114035086,-30.85361842105263,0
Chandel,2031.0456366723258,74.93387096774194,-7.33276740237691,2
Chandigarh,5449.745226179019,75.85801732435033,-22.284889316650627,0
Chandrapur,7309.562844631852,85.15399935128123,-19.397340253000323,0
Changlang,1760.9206469500923,73.60772643253235,-8.78558225508318,2
Charaideo,1351.6774853113984,72.57002350176263,-6.139835487661575,2
Charkhi Dadri,1693.3407956777996,72.82426326129666,-2.0893909626719056,2
Chatra,9769.83601369863,75.98665753424658,-39.053424657534244,0
Chatrapati Sambhaji Nagar,3392.921625,69.8411875,-1.86875,2
Chengalpattu,652.3366456536164,67.18377571333775,-0.9807564698075647,2
Chennai,3494.085701640198,78.5251184587347,-13.189664149960947,2
Chhatarpur,7402.676781029264,75.40282542885973,-38.720988900100906,0
Chhatrapati Sambhajinagar,534.0653571428571,65.22812301587301,-0.16984126984126985,2
Chhindwara,6560.855379926859,75.1560544494108,-21.861438439658674,0
Chhotaudepur,1953.9098204936427,71.1105086013463,-12.100224382946896,2
Chickmagalur,804.8104847396769,68.01488330341112,-1.6867145421903051,2
Chikkaballapur,2829.8253731343284,76.38452393206381,-9.375193000514669,2
Chikkamagaluru,737.5301927119832,62.58510161177295,-2.9085494043447793,2
Chikmagalur,294.6775901639344,54.565426229508205,-0.09508196721311475,2
Chirang,2402.928837837838,77.69203603603604,-13.961261261261262,2
Chitradurga,2333.2587591028255,75.62093212933294,-7.3845033498397905,2
Chitrakoot,8430.460616174583,79.15177150192555,-50.03209242618742,0
Chittaurgarh,354.35874865156416,58.39039913700108,-0.32038834951456313,2
Chittoor,3537.140001143903,80.11291466483642,-18.006863417982157,2
Chittorgarh,2929.0778865979382,76.59510652920963,-10.771821305841925,2
Chumukedima,663.851393728223,65.87219512195122,-0.710801393728223,2
Churachandpur,1977.406391509434,71.66740566037736,-11.810141509433961,2
Churu,5092.394543973941,76.6278664495114,-24.000814332247558,0
Coimbatore,2660.065290196883,77.25155968006563,-6.865668580803938,2
Cooch Behar,2093.816325886991,73.80908541392904,-3.279369250985545,2
Coochbehar,0.0,0.0,214.0,1
Cuddalore,2855.8954521441888,76.76183809819764,-12.504039776258546,2
Cuddapah,2729.8541800507182,79.28343477035784,-14.981825866441252,2
Cuttack,2596.1979824413306,75.70301198716867,-10.291068715178119,2
Dadra & Nagar Haveli,538.2352941176471,67.03521008403361,-0.3949579831932773,2
Dadra And Nagar Haveli,5260.279613402062,80.87649484536082,-25.65721649484536,0
Dahod,5988.0762261580385,75.94313351498639,-37.1641689373297,0
Dakshin Bastar Dantewada,3553.0485144429163,79.15896836313618,-9.327372764786794,2
Dakshin Dinajpur,2986.11230904302,75.50689201053557,-6.948200175592625,2
Dakshina Kannada,1237.4574710843374,72.18991325301205,-3.9212048192771083,2
Daman,2728.220113207547,77.99622641509434,-10.709433962264152,2
Damoh,11953.346326699833,78.02937810945274,-57.38640132669983,0
Dang,0.0,0.0,132.75,1
Dantewada,3203.366,75.5285,-8.253703703703703,2
Darjeeling,1173.855331010453,71.82751383480222,-1.98749743799959,2
Darjiling,639.7238638638639,63.314274274274275,-0.007007007007007007,2
Darrang,1984.6290949554896,71.93084569732937,-8.432492581602373,2
Datia,5532.414966139955,75.93119638826184,-26.12528216704289,0
Dausa,4235.182893081761,77.8025786163522,-20.044811320754718,0
Davanagere,399.6617492416582,61.025237613751266,-0.18099089989888775,2
Davangere,2577.8542853368563,74.27479260237781,-9.260237780713343,2
Debagarh,3161.703273703041,77.3064221824687,-13.474060822898032,2
Deeg,206.5021601489758,59.27901303538175,0.01303538175046555,2
Dehradun,3277.0181781609194,77.21716954022989,-16.152873563218392,2
Deoghar,5211.945590101523,74.65549492385787,-17.853426395939085,0
Deoria,5572.390573800072,81.34842656080836,-26.271382172500903,0
Devbhumi Dwarka,1661.609716713881,67.6304957507082,-11.126770538243626,2
Dewas,7226.7225684210525,71.68310877192982,-32.91298245614035,0
Dhalai,3929.91546875,78.771318359375,-19.6005859375,2
Dhamtari,7817.92086038961,80.50577110389611,-19.29707792207792,0
Dhanbad,3907.7883433994825,75.58237704918034,-9.710957722174289,2
Dhar,8281.925504939627,73.81940175631175,-37.70856201975851,0
Dharashiv,267.2064507542147,59.91570541259982,-0.027506654835847383,2
Dharmapuri,3335.7020727040813,75.58243303571429,-19.326211734693878,2
Dharwad,2980.108701990468,75.197202130642,-10.121110176619007,2
Dhaulpur,293.5458461538462,53.22594871794872,-0.13846153846153847,2
Dhemaji,1783.563284100782,72.80204170286707,-7.232841007819288,2
Dhenkanal,3860.833558194774,80.0984133016627,-16.384323040380046,2
Dholpur,6950.453007103394,77.23802683504341,-32.66614048934491,0
Dhubri,3640.4796364541835,76.47966633466136,-15.358067729083665,2
Dhule,5528.484012251149,80.13311638591118,-24.401607963246555,0
Dibang Valley,613.0036263736264,66.63813186813186,-3.197802197802198,2
Dibrugarh,1311.1953327571305,71.40697061365601,-4.630509939498704,2
Didwana-Kuchaman,168.80877742946709,57.94203761755485,0.003134796238244514,2
Dima Hasao,123.22404371584699,48.90103825136612,0.5956284153005464,2
Dimapur,2706.2915517241377,76.01790229885057,-11.675287356321839,2
Dinajpur Dakshin,0.0,0.0,353.5,1
Dinajpur Uttar,0.0,0.0,588.9090909090909,1
Dindigul,3635.362895841282,79.48717283479589,-11.276611980160244,2
Dindori,9793.191127272727,76.10204848484848,-37.06181818181818,0
Dist : Thane,100.0,50.0,0.0,2
Diu,1499.6863837638377,73.75055350553507,-6.974169741697417,2
Doda,2656.6540329218105,72.01493004115227,-12.54567901234568,2
Dohad,1096.3650973451329,61.497982300884956,2.4920353982300885,2
Domjur,100.0,50.0,0.0,2
Dr. B. R. Ambedkar Konaseema,461.8668025871766,64.63586051743532,-0.9865016872890888,2
Dumka,4779.099720386375,79.05704117946111,-16.97864768683274,0
Dungarpur,4732.489369442199,78.65773241713825,-18.960388035569927,0
Durg,6883.461266639774,82.60183541750706,-28.009681323114158,0
East,1109.6967557251908,72.06661577608142,-2.795165394402036,2
East Champaran,6603.666529596647,81.0743766369827,-21.978784704033526,0
East Delhi,15322.964239373601,79.02080536912753,-50.253914988814316,0
East Garo Hills,868.8948611111111,53.197388888888895,0.12222222222222222,2
East Godavari,2792.5013678504083,79.05969280326839,-15.032369578881207,2
East Jaintia Hills,1246.3418604651163,58.59418604651163,-4.818604651162791,2
East Kameng,2316.2523636363635,72.73824242424242,-15.539393939393939,2
East Khasi Hills,678.2699875,57.06843333333333,-1.9129166666666666,2
East Midnapore,789.2762425732432,70.55171686129891,-1.2011882810899406,2
East Midnapur,118.18181818181819,50.60636363636363,0.045454545454545456,2
East Nimar,2409.1893222506396,68.20946291560102,-5.051150895140665,2
East Siang,2079.733351955307,80.12787709497206,-11.106145251396647,2
East Sikkim,763.7818240620957,67.63851228978008,-3.107373868046572,2
East Singhbhum,5192.4018664192945,77.63690166975881,-19.582189239332095,0
East Singhbum,0.0,0.0,212.0,1
Eastern West Khasi Hills,127.4170786516854,38.510449438202244,0.011235955056179775,2
Eluru,553.6894575145309,64.68951840575698,-1.0024910047052311,2
Ernakulam,1576.9864668036817,75.28724153337504,-5.011973907604325,2
Erode,2819.5732238700566,78.53023834745763,-10.144420903954803,2
Etah,5204.595064683052,78.73089262613196,-36.091849935316944,0
Etawah,5169.123607918264,80.58578544061302,-29.717113665389526,0
Faizabad,3026.9179284934494,80.31996997816594,-16.346342794759824,2
Faridabad,7349.314466349422,77.8330727396329,-30.547246770904145,0
Faridkot,5238.317487623763,81.89289603960397,-17.22648514851485,0
Farrukhabad,4123.352975243148,79.18993368700265,-22.488063660477454,0
Fatehabad,7276.106388115135,79.17055710306407,-24.61095636025998,0
Fatehgarh Sahib,2672.4810497981157,74.76841184387618,-10.828398384925976,2
Fatehpur,5248.035217219589,81.00156793048973,-25.04739336492891,0
Fazilka,6802.099331395349,80.86078488372094,-26.748062015503876,0
Ferozepur,4309.109203423304,80.66565503620804,-15.143515470704411,0
Firozabad,5689.381140618198,77.52220287331302,-31.80191554201132,0
Firozpur,989.1522565789473,73.75127631578947,-1.0335526315789474,2
Gadag,2474.9853232656915,71.68423784804152,-8.858895705521473,2
Gadchiroli,9326.858677285318,87.17554016620498,-24.614958448753463,0
Gajapati,4020.07727032386,79.25940515532055,-18.302709847984136,2
Ganderbal,3313.972700421941,77.18805907172995,-12.936708860759493,2
Gandhinagar,2425.856176639816,73.84023014959725,-8.45512082853855,2
Ganganagar,4352.632584650113,78.72622648607975,-15.348758465011286,0
Ganjam,3001.814793905591,79.46986260372738,-11.832811862331656,2
Garhwa,9649.551655629139,75.80867549668875,-34.42667928098392,0
Garhwal,224.70431451612902,54.599879032258066,0.08064516129032258,2
Gariyaband,3247.5265297860037,74.37984384037016,-8.501445922498554,2
Gaurela-Pendra-Marwahi,1686.2431086142321,78.74838951310862,-2.0149812734082397,2
Gaurella Pendra Marwahi,0.0,0.0,207.66666666666666,1
Gautam Buddha Nagar,4132.358534661686,74.54622249896222,-16.318804483188046,2
Gaya,6154.725942240374,77.07407817969661,-22.713827304550758,0
Ghaziabad,7456.061586570112,78.45748518762343,-29.566820276497698,0
Ghazipur,4257.613663366336,80.89886881188119,-21.175742574257427,0
Gir Somnath,2038.8681148075668,69.87679712981083,-12.479452054794521,2
Giridih,7874.625435244162,77.10798832271763,-23.96019108280255,0
Goalpara,2377.6511467522055,74.79725741780273,-7.616680032076985,2
Godda,7729.268976582828,79.23143972246315,-35.28794449262793,0
Golaghat,1338.06208815427,70.1826611570248,-3.418181818181818,2
Gomati,2655.9799313186813,80.22620879120879,-15.12087912087912,2
Gonda,5033.495892531876,78.88025804493017,-27.357619914996963,0
Gondia,7997.410860557769,83.66889243027889,-25.505179282868525,0
Gopalganj,5464.763979033728,79.68021422060164,-18.51002734731085,0
Gorakhpur,4788.352657446283,79.06757470980489,-17.87280810076562,0
Gulbarga,1795.5266081404627,72.85232242617718,-4.597233306730513,2
Gumla,5214.468604516503,76.32687898089172,-16.720324261725537,0
Guna,8213.93753896104,71.69586363636364,-47.02207792207792,0
Guntur,3617.03180495356,79.0958782249742,-17.99081527347781,2
Gurdaspur,4041.332618306351,78.01113636363635,-11.003113325031133,2
Gurgaon,4176.73582032737,76.26974876284736,-11.056718690521507,2
Gurugram,0.0,0.0,257.7142857142857,1
Gwalior,5416.3459129511675,74.73877388535033,-29.952229299363058,0
Hailakandi,1543.2985021398003,70.74417261055635,-7.171897289586306,2
Hamirpur,1772.446250245146,71.55518729162581,-8.588154540105903,2
Hanumakonda,908.0926408125576,71.270729455217,-0.4067405355493998,2
Hanumangarh,6602.577709880069,80.09421473443747,-22.01713306681896,0
Haora,2939.7147110040755,77.78014079288626,-7.010559466469062,2
Hapur,4812.520418743769,72.85611166500497,-33.60319042871386,0
Harda,8696.44687128713,72.19318811881188,-36.635643564356435,0
Hardoi,8602.44208923209,81.24006864006864,-57.78635778635778,0
Hardwar,224.20849389416554,59.072605156037994,-0.08955223880597014,2
Haridwar,6792.13185647426,81.67829433177326,-41.10816432657306,0
Hasan,426.8893470690656,64.67574579222287,-0.3499709808473593,2
Hassan,1575.342371085472,72.43828584883448,-5.713444784553802,2
Hathras,5166.442766081872,77.64782456140351,-32.43450292397661,0
Haveri,3504.1729455353834,74.81985179696184,-11.193034457206373,2
Hazaribag,1259.9367062634988,64.69322894168467,-1.3347732181425487,2
Hazaribagh,4071.5061554710605,75.15566539923954,-14.251795521757499,2
Hingoli,8584.02897716895,82.10270319634704,-35.2337899543379,0
Hisar,6911.378354357798,78.76034403669725,-27.182912844036696,0
Hnahthial,150.0,55.39235294117647,-0.23529411764705882,2
Hojai,2435.1188041237115,78.09132989690721,-9.7659793814433,2
Hooghly,2409.8564259607933,77.04568833757891,-6.467161368922361,2
Hoshangabad,5526.597641891892,70.12184459459459,-26.602702702702704,0
Hoshiarpur,2099.6053839422448,75.37844016626558,-6.583460949464012,2
Hyderabad,3217.228385453896,77.59255450321658,-11.371157969978556,2
Idukki,1249.9439931428572,72.95857600000001,-4.103771428571428,2
Imphal East,6755.0120552995395,82.87136405529954,-32.29861751152074,0
Imphal West,6181.462928,86.077096,-27.632,0
Indore,7520.178456307379,76.84571574294458,-30.55253315198912,0
Jabalpur,6722.977259535655,76.59026119402985,-28.795605306799338,0
Jagatsinghapur,1913.0708801861185,73.61180302442807,-8.823962776269871,2
Jagatsinghpur,654.5263550519359,70.08119452313504,-1.018413597733711,2
Jagitial,1022.4242825484765,71.34038781163434,-2.696398891966759,2
Jaintia Hills,107.4074074074074,45.555925925925926,0.1111111111111111,2
Jaisalmer,3800.0001236603466,75.04539159109645,-19.102225886232482,2
Jajapur,1826.6054526091586,75.46108892438764,-6.822417465388711,2
Jajpur,1324.6486848271823,69.92632396016403,-5.497949619214997,2
Jalandhar,2638.513909444163,75.71208650109816,-7.8905220476431825,2
Jalaun,4497.962294647588,79.96560148383678,-22.878643349231584,0
Jalgaon,6471.137804205447,83.31829886246122,-23.32867976559807,0
Jalna,7310.509240558293,82.25158045977011,-26.876847290640395,0
Jalor,4781.87682063882,73.84161179361179,-21.14889434889435,0
Jalore,179.9781181619256,58.942888402625826,0.6455142231947484,2
Jalpaiguri,2342.1842965419232,78.06453339649455,-4.107374072319596,2
Jammu,2533.195155566984,76.97148110053999,-10.433787606068398,2
Jamnagar,2150.8387045400523,72.78324696933682,-8.40171143332541,2
Jamtara,7999.512864321608,79.3036013400335,-24.403685092127304,0
Jamui,6724.085774424147,78.8195710881652,-31.573471008737094,0
Jangaon,251.43939393939394,59.64396969696969,-0.16666666666666666,2
Jangoan,997.5651169004676,73.45642618570474,-1.9004676018704074,2
Janjgir - Champa,240.02522727272728,57.79810606060607,0.20454545454545456,2
Janjgir Champa,122.99651567944251,50.33121951219512,0.0,2
Janjgir-Champa,10583.648840274118,85.92765419082762,-23.83605693199789,0
Jashpur,7299.31400147929,84.46318047337279,-19.911242603550296,0
Jaunpur,4192.636199345067,80.42927548096603,-20.773638968481375,0
Jayashankar Bhupalpally,1431.3366366704163,73.5153318335208,-1.500562429696288,2
Jehanabad,2411.6766933466733,76.08726863431717,-7.1895947973986996,2
Jhabua,7100.813167701863,71.58570393374741,-45.14492753623188,0
Jhajjar,3693.0591267605637,77.2032,-12.349859154929577,2
Jhalawar,5630.542783505154,78.73406071019474,-21.284650630011456,0
Jhansi,5343.231569664903,79.10717372134039,-27.514550264550266,0
Jhargram,405.0664509394572,57.091701461377866,-0.5130480167014614,2
Jharsuguda,1884.2050673696542,77.30232571763328,-6.995313415348565,2
Jhunjhunu,236.99032258064517,56.56576129032258,-0.21548387096774194,2
Jhunjhunun,2596.6364756828784,75.93725960470798,-9.297135243171219,2
Jind,8768.64639481001,82.08454124189063,-28.241890639481,0
Jiribam,1617.058742857143,73.61794285714285,-2.2514285714285713,2
Jodhpur,5249.056625183016,76.11674231332357,-24.161054172767205,0
Jogulamba Gadwal,2998.4509744779584,78.25866589327147,-4.974477958236659,2
Jorhat,762.3056319702602,67.18493680297398,-2.690706319702602,2
Junagadh,2448.269986740331,72.83805745856354,-6.340994475138122,2
Jyotiba Phule Nagar,199.72036912751676,54.8689932885906,0.12416107382550336,2
K.V.Rangareddy,140.2268717277487,52.44244764397906,-0.12827225130890052,2
Kabeerdham,10620.510828729282,81.92986187845304,-41.92265193370166,0
Kachchh,2775.141676646707,73.24723267750214,-12.905902480752781,2
Kaimur (Bhabua),7193.098602344454,80.02341749323715,-30.40306582506763,0
Kaithal,7776.828552253116,82.82800575263663,-29.702780441035475,0
Kakching,1641.7884931506849,77.35598173515982,-5.867579908675799,2
Kakinada,1024.4306293706295,70.45503846153846,-2.116083916083916,2
Kalaburagi,2359.049076147817,73.06293952967525,-11.327267637178052,2
Kalahandi,4195.39820804551,79.82255180820805,-15.766355140186915,0
Kalimpong,326.22938871473355,57.82807210031348,-0.40282131661442006,2
Kallakurichi,524.9996187554776,63.56773006134969,-0.7107800175284837,2
Kamareddy,1336.1375039999998,74.36612266666667,-3.0330666666666666,2
Kamle,476.6517857142857,59.47785714285715,-0.9285714285714286,2
Kamrup,1097.7622433359727,66.8920770651887,-5.262338347849036,2
Kamrup Metro,934.0350507393448,68.75951870107276,-3.3435778486517833,2
Kancheepuram,2859.404134792502,76.34777115613825,-11.678079965326688,2
Kanchipuram,78.94736842105263,39.473684210526315,14.526315789473685,2
Kandhamal,2983.0571786833852,75.73669502910883,-11.478280340349306,2
Kangpokpi,100.0,50.0,0.0,2
Kangra,1193.8349548693586,73.02239311163896,-4.662351543942993,2
Kanker,4764.440148786218,83.39205951448709,-13.401722787783868,0
Kannauj,4884.990251046025,80.79174536760311,-27.353257621040047,0
Kanniyakumari,1523.438556914069,77.01839159634923,-4.189770966075426,2
Kannur,1619.0605998375681,76.62394013226593,-5.161503654716324,2
Kanpur Dehat,4399.964210526316,79.00845141700405,-24.793522267206477,0
Kanpur Nagar,4010.4534331744953,77.88341502155662,-17.996369412298616,2
Kanyakumari,768.8259466717822,70.0152695185114,-3.678496067523499,2
Kapurthala,2145.3457323600974,75.84751338199513,-7.742092457420925,2
Karaikal,2203.161072847682,81.0496821192053,-6.694039735099338,2
Karauli,3588.5158229426434,76.09293017456359,-18.05860349127182,2
Karbi Anglong,1925.3248676957,72.92243109151048,-11.614112458654906,2
Kargil,703.853869801085,64.34934900542495,-2.449367088607595,2
Karim Nagar,254.318669527897,57.319635193133045,-0.3283261802575107,2
Karimganj,1512.7662745885186,70.56758329987957,-5.609795262946608,2
Karimnagar,1565.6692002769605,75.47918642894236,-5.621170157521205,2
Karnal,6966.36950515464,80.85482474226805,-19.353951890034363,0
Karur,1920.308851660067,73.95443801401157,-7.25312214438014,2
Kasaragod,2786.9157692307695,77.57354862119014,-11.995645863570392,2
Kasargod,253.62884948778566,58.75842395587077,0.037825059101654845,2
Kasganj,6178.536249008724,82.0318080888184,-37.02616970658208,0
Kathua,2737.3013831775697,76.87238629283489,-12.38380062305296,2
Katni,6719.185180467091,74.12803255484785,-31.240622788393487,0
Kaushambi,7421.4872452565005,79.70692199578356,-48.402670414617006,0
Kawardha,18064.63095,85.3497,-51.5875,0
Kendrapara,2376.9253726541556,75.725745308311,-9.568364611260053,2
Kendujhar,2976.861846768156,77.06893436486149,-10.515597704017969,2
Khagaria,7660.5956345177665,74.93558375634518,-24.81218274111675,0
Khairagarh Chhuikhadan Gandai,1522.6218343195267,73.89144970414202,0.13609467455621302,2
Khairthal-Tijara,432.9842931937173,72.62256544502618,-0.015706806282722512,2
Khammam,1500.4040190352584,78.34354639844257,-5.839065541855938,2
Khandwa,3605.995365526492,73.55137491616365,-21.928906773977197,2
Khargone,6537.381323448655,75.32673256452499,-38.78912685337726,0
Khawzawl,81.03078947368421,37.31,-0.02631578947368421,2
Kheda,2680.494012779553,73.59474334398296,-9.208306709265175,2
Kheri,7071.657591564927,79.37358120606734,-46.39659637439882,0
Khorda,1975.9562880733945,74.37052660550458,-8.066605504587155,2
Khordha,635.4677240228789,68.89186367969495,-0.5893708293612965,2
Khowai,2492.815137614679,76.26889908256881,-15.369266055045872,2
Khunti,5056.151109785203,76.69224343675417,-16.348448687350835,0
Kinnaur,532.9242369263608,65.64660618996798,-2.1067235859124867,2
Kiphire,3444.554298245614,68.36798245614035,-12.421052631578947,2
Kishtwar,6722.499207920792,73.54953795379538,-31.854785478547853,0
Koch Bihar,1347.28879831114,73.0019844105229,-0.16596297499188048,2
Kodagu,1103.0440894117646,70.31643764705882,-3.3425882352941176,2
Kodarma,1641.469481865285,73.02906735751296,-2.709844559585492,2
Koderma,5626.884491844417,74.53385194479297,-19.661229611041406,0
Kohima,1638.1959971098265,70.92450867052024,-3.804913294797688,2
Kokrajhar,2067.279555264879,76.43398299542184,-10.102027468933944,2
Kolar,3003.844385107183,75.63982700263256,-10.267017675817977,2
Kolasib,2736.571919831224,68.39900843881857,-16.327004219409282,2
Kolhapur,4011.6459897916957,83.10476893364601,-15.181680231756104,0
Kolkata,1696.4547270742357,74.27464656113537,-2.8979257641921397,2
Kollam,1556.1625811163276,76.07971726656234,-4.75169535732916,2
Komaram Bheem,2486.0798137369034,79.19350407450524,-4.470314318975553,2
Kondagaon,10791.116215022092,81.49698085419735,-21.058910162002945,0
Koppal,3042.4055541401276,72.33394055201698,-11.336305732484076,2
Koraput,3735.0264457417584,76.70077266483516,-14.959478021978022,2
Korba,7169.680550673696,82.27964850615113,-17.03807850029291,0
Koriya,5076.236228269086,77.82595616024187,-12.81859410430839,0
Kota,4298.098217890706,76.1720570831883,-14.31082492168465,2
Kotputli-Behror,174.24892703862662,58.96377682403433,-0.004291845493562232,2
Kottayam,962.0193623639192,72.28240020736132,-2.8774494556765164,2
Kozhikode,2279.2427444168734,79.30172456575683,-6.878535980148883,2
Kra Daadi,1600.091868131868,72.29472527472527,-7.593406593406593,2
Krishna,2736.933971580454,79.02254651400533,-14.029135146186874,2
Krishnagiri,3712.0227380615993,79.27487990957897,-18.971743430347555,2
Kulgam,7227.861304347826,76.18788043478261,-36.08152173913044,0
Kullu,1115.3659055479138,72.25537826685007,-4.557083906464924,2
Kupwara,9139.712886597938,79.09970544918998,-32.232695139911634,0
Kurnool,4982.799251174007,79.6804302576469,-28.8423657824597,0
Kurukshetra,6238.480587219344,81.84062176165803,-17.70552677029361,0
Kurung Kumey,3454.5287234042553,78.67063829787234,-12.840425531914894,2
Kushi Nagar,0.0,0.0,779.0,1
Kushinagar,9597.993200628602,82.15938711367207,-39.18072289156626,0
Lahaul And Spiti,108.33333333333333,50.19880952380952,-0.11904761904761904,2
Lahul & Spiti,212.44013812154697,57.616298342541434,-0.19613259668508287,2
Lahul And Spiti,245.9850700280112,57.87675070028011,-1.3865546218487395,2
Lakhimpur,1999.2969019362897,74.93263585259213,-7.400374765771393,2
Lakhisarai,5389.225194672131,77.77677254098361,-19.77766393442623,0
Lakshadweep,769.3183959537572,68.24278901734104,-2.9002890173410405,2
Lalitpur,6714.840109289617,80.12734972677596,-37.30601092896175,0
Latehar,6315.704394765539,79.8965976008724,-22.087241003271536,0
Latur,10341.642020159596,84.68012179756404,-28.315413691726164,0
Lawngtlai,2861.857605985037,68.9384289276808,-19.074812967581046,2
Leh,931.6555350978136,70.03825086306098,-2.794016110471807,2
Leh (Ladakh),87.5,41.666875,-0.3125,2
Leparada,143.75,53.1253125,-0.8125,2
Lohardaga,4882.979090909091,73.36328671328671,-16.605594405594406,0
Lohit,1493.0337581699348,74.66045751633986,-5.150326797385621,2
Longding,975.9374909090909,66.08352727272728,-5.189090909090909,2
Longleng,1104.8795454545455,63.957373737373736,-2.3333333333333335,2
Lower Dibang Valley,2468.40206185567,79.13649484536083,-12.8659793814433,2
Lower Siang,354.6474358974359,63.58467948717948,-1.955128205128205,2
Lower Subansiri,1911.666588235294,72.90052941176471,-8.547058823529412,2
Lucknow,4698.038278639017,77.6789792631367,-21.750956311656935,0
Ludhiana,2661.131681401958,76.95123460688349,-10.759709504262709,2
Lunglei,3254.2842016806726,67.25509243697479,-16.278991596638654,2
Madhepura,100.0,50.0,-0.6666666666666666,2
Madhubani,5978.332790643275,79.93940116959064,-22.384327485380116,0
Madurai,4176.2655349264705,78.91247610294117,-16.325919117647057,0
Mahabub Nagar,474.99993579866464,68.86147663071392,0.0659989727786338,2
Mahabubabad,1423.2247350069736,74.3100139470014,-3.105997210599721,2
Mahabubnagar,3009.158851490995,79.20925597874225,-13.826099793327428,2
Maharajganj,6676.237896009674,80.08044740024184,-31.182587666263604,0
Mahasamund,21773.145659574468,84.82221276595745,-36.88794326241135,0
Mahbubnagar,576.8916421356422,65.71222799422799,-0.7021645021645022,2
Mahendragarh,6743.04006329114,82.02813924050633,-21.867088607594937,0
Mahesana,2502.140173035328,72.71754385964913,-8.94760874789714,2
Mahisagar,2096.6713479181367,71.45573041637262,-11.07621736062103,2
Mahoba,5297.640187304891,80.09292403746097,-29.730489073881373,0
Mahrajganj,81.69014084507042,38.216056338028174,0.014084507042253521,2
Maihar,596.4618279569893,65.62500768049155,0.26574500768049153,2
Mainpuri,4043.5715483539093,77.02577674897118,-21.402263374485596,2
Majuli,1095.5584652278178,71.2147721822542,-4.124700239808154,2
Malappuram,2915.3212780562217,78.47837655262585,-9.278709958596645,2
Malda,4221.046471404776,75.0688339811216,-7.211549139367018,2
Maldah,975.60625,70.63149122807017,-0.9302631578947368,2
Malerkotla,3458.284066543438,74.98807763401109,-8.981515711645102,2
Malkangiri,5182.740873983739,77.16091463414634,-24.854674796747968,0
Mamit,3278.147438016529,66.65465564738292,-23.776859504132233,2
Mammit,1089.0088372093023,60.930066445182725,-5.498338870431894,2
Mancherial,1524.8193839132914,79.91437535653165,-3.4478037649743296,2
Mandi,1303.3018149606298,71.78208070866141,-4.96496062992126,2
Mandla,5845.1753866846,74.4711970410222,-20.067249495628783,0
Mandsaur,5965.455640738668,72.14406267487409,-21.84834918858422,0
Mandya,2158.219003445534,76.26423270606945,-7.334481844685926,2
Manendragarhchirmiribharatpur,10400.0,98.91666666666667,-14.666666666666666,0
Manendragarh–Chirmiri–Bharatpur,572.2029541284403,64.67702752293579,0.26238532110091745,2
Mangan,118.18181818181819,50.379318181818185,0.0,2
Mansa,6201.450909980431,81.68449119373777,-20.481409001956948,0
Marigaon,2643.460636430139,74.55113386978785,-8.938551572787125,2
Mathura,5257.553405584129,78.92114621601763,-26.645848640705363,0
Mau,4688.232485497546,79.76365908076751,-19.360553324408745,0
Mauganj,476.17138248847925,63.419262672811065,0.434715821812596,2
Mayiladuthurai,286.72896412556054,57.51072197309417,-1.2829596412556055,2
Mayurbhanj,2798.9880095238095,77.97613968253968,-11.079365079365079,2
Medak,1415.5296871549504,74.02313397129187,-5.725248435774752,2
Medchal Malkajgiri,0.0,0.0,204.5,1
Medchal-Malkajgiri,2819.4511106719365,78.02958498023716,-4.044664031620553,2
Medchal?Malkajgiri,5254.545454545455,71.05045454545454,-22.227272727272727,0
MedchalâMalkajgiri,100.0,50.0,0.0,2
Medchal−Malkajgiri,406.6815580736544,66.51758262511804,-2.6298394711992445,2
Medinipur,103.15789473684211,46.29852631578947,0.015789473684210527,2
Medinipur West,0.0,0.0,162.5,1
Meerut,7027.165625270445,78.74861964517525,-40.31847684984855,0
Meluri,1109.9098648648649,78.71256756756756,-2.108108108108108,2
Mewat,11295.860838815788,81.72098684210526,-50.4375,0
Mirzapur,7373.118048635824,78.95818505338079,-40.854092526690394,0
Moga,3288.5774718826406,79.19776528117359,-10.497799511002444,2
Mohali,100.0,50.0,-0.2222222222222222,2
Mohalla-Manpur-Ambagarh Chowki,180.91170940170937,51.01376068376068,-0.1794871794871795,2
Mohla-Manpur-Ambagarh Chouki,5127.600217983651,84.52359673024523,-2.3787465940054497,0
Mokokchung,1494.256921641791,69.5682276119403,-3.6026119402985075,2
Mon,2637.99956185567,72.79636597938145,-11.737113402061855,2
Monghyr,147.10882653061225,50.441581632653055,0.12244897959183673,2
Moradabad,6697.274629532317,75.8018549658434,-44.43510246978455,0
Morbi,2071.7961458333334,68.14280208333334,-16.3375,2
Morena,9964.602455696202,75.70261603375528,-66.65147679324895,0
Muktsar,1260.041144278607,72.00649253731343,-0.753731343283582,2
Mulugu,1208.7238080168775,74.47373417721519,-1.6613924050632911,2
Mumbai,4187.715098774969,79.40138616046794,-11.733804215870213,0
Mumbai City,2285.000951283739,78.54191902567479,-8.316984858459513,2
Mumbai Suburban,3965.802426216941,81.75239938673822,-16.23438098888463,0
Mumbai( Sub Urban ),298.84270634231103,63.37933970460469,-0.03996524761077324,2
Mungeli,14221.407791044778,78.62253731343283,-36.1179104477612,0
Munger,5465.526854034451,77.99474161378059,-16.884859474161377,0
Murshidabad,3758.8722106877435,73.64693287719713,-6.857614722189454,2
Muzaffarnagar,7466.157051597052,80.9676208026208,-43.12325962325962,0
Muzaffarpur,4514.103837118246,78.87702231793266,-15.142325763508222,0
Mysore,1176.2734856272607,72.39857034075766,-2.807728916809442,2
Mysuru,1260.8312166064982,70.2831642599278,-5.074007220216607,2
N. T. R,1241.3732360831657,73.11400402414486,-1.9507042253521127,2
Nabarangapur,6114.71395044735,76.44314521679284,-27.894012388162423,0
Nabarangpur,0.0,0.0,327.0,1
Nadia,2472.7353881278536,76.79210599142107,-5.22139200221392,2
Nagaon,3382.681181599519,78.34401383042695,-10.051112447384245,2
Nagapattinam,1237.2116608504587,73.68181594933436,-4.006979449398992,2
Nagarkurnool,1205.9722918978912,75.3861487236404,-3.2114317425083243,2
Nagaur,4401.243737508328,76.05591605596268,-20.411947590495224,0
Naihati Anandabazar,100.0,50.0,0.0,2
Nainital,3783.8835508021393,77.39419251336899,-17.71390374331551,2
Najafgarh,1060.7279310344827,71.36183908045976,-0.3333333333333333,2
Nalanda,4846.380563145618,78.92895034988337,-15.428523825391537,0
Nalbari,959.9971153846154,69.71682078559738,-4.642389525368249,2
Nalgonda,2010.551228211587,79.63273450881613,-7.715163727959697,2
Namakkal,2437.455034207526,78.12463131889015,-7.669517293804637,2
Namchi,139.7916875,51.6306875,0.01875,2
Namsai,2580.318352059925,79.86816479400748,-12.389513108614231,2
Nanded,8230.357253041364,84.6762700729927,-27.747445255474453,0
Nandurbar,7202.167308478039,81.56477528089887,-29.912155260469866,0
Nandyal,889.212378954164,64.88896061975468,-1.6923821820529374,2
Narayanpet,1109.5271969696971,72.44408249158249,-1.5185185185185186,2
Narayanpur,21457.942844827587,79.36344827586207,-53.69827586206897,0
Narmada,3925.1976211453743,75.77164757709252,-12.415859030837005,2
Narmadapuram,978.0497709163346,64.05382470119523,-0.7898406374501992,2
Narsimhapur,921.274684385382,65.71253322259136,-1.356312292358804,2
Narsinghpur,4047.856276803119,75.40843404808317,-21.62508122157245,2
Nashik,7211.212497571805,83.72039544886916,-26.698626335507146,0
Navsari,1663.885216182829,72.60671093267449,-6.568560840024706,2
Nawada,4219.216535532995,75.08151438240272,-14.745769881556683,2
Nawanshahr,333.38063973063976,67.23414141414142,-0.003367003367003367,2
Nayagarh,2867.3302807775376,78.22943412526999,-12.016414686825055,2
Neemuch,5236.4824316109425,70.6877583586626,-22.882978723404257,0
New Delhi,1978.9121221864953,70.27225080385851,-4.945337620578778,2
Nicobar,926.9393181818182,71.20327272727272,-4.068181818181818,2
Nicobars,83.33333333333333,41.666666666666664,0.0,2
Nirmal,2319.4655315471045,81.20854796888504,-4.039757994814175,2
Niuland,476.1155118110236,58.54062992125984,-0.7795275590551181,2
Niwari,652.6766604127579,63.066885553470925,-1.99624765478424,2
Nizamabad,1987.477152158528,74.32991365888181,-8.157678697806086,2
Noklak,768.1380219780219,63.79989010989011,-1.6373626373626373,2
North,321.54690607734807,59.78419889502763,-0.585635359116022,2
North 24 Parganas,2375.8539402413894,77.16213717986459,-5.522004710038269,2
North And Middle Andaman,1499.2114838709676,70.84916129032258,-7.443010752688172,2
North Cachar Hills,856.6835018050541,69.45505415162455,-3.98014440433213,2
North Delhi,22555.979515738498,80.6380387409201,-53.57627118644068,0
North Dinajpur,414.39346391752576,63.74639175257732,0.06288659793814433,2
North East,15071.616885245903,80.58796721311477,-3.540983606557377,0
North East Delhi,32128.15318965517,78.85299568965517,-145.44396551724137,0
North Garo Hills,674.4861971830986,59.278990610328634,-0.812206572769953,2
North Goa,1189.7593578456758,73.29571465561885,-4.304246504401864,2
North Sikkim,467.6624152542373,63.04118644067796,-2.3940677966101696,2
North Tripura,2972.0828831473873,80.28449207281268,-12.729888432178509,2
North West Delhi,22096.221532438478,80.76591722595077,-66.45413870246085,0
Nuapada,6340.813684210526,81.67425320056898,-29.923186344238974,0
Nuh,0.0,0.0,625.5,1
Osmanabad,7295.969189298743,83.57519659505472,-23.731252533441427,0
Pakaur,1788.3603396226415,69.09011320754718,-3.2150943396226417,2
Pakke Kessang,248.0392156862745,61.71764705882353,-0.5098039215686274,2
Pakur,6704.139958960328,77.91265389876881,-23.33105335157319,0
Palakkad,1529.303329257642,73.63080262008734,-4.8182532751091705,2
Palamau,1328.6090502793295,62.04332402234636,-0.7513966480446927,2
Palamu,8875.351577992744,78.9096977025393,-30.080411124546554,0
Palghar,4621.738648957441,80.21327620679806,-23.298771779491574,0
Pali,3832.3201324343845,76.9206043823742,-15.254514808572116,2
Palnadu,876.0050678886627,65.09036999321114,-1.7420230821452818,2
Palwal,11848.78915562914,81.65516556291391,-42.390728476821195,0
Panch Mahals,168.57142857142858,50.97822857142857,2.3857142857142857,2
Panchkula,3313.6918907305094,77.23031307550644,-10.267034990791897,2
Panchmahals,3653.2592889390517,77.63072610985704,-12.62829194883371,2
Pandhurna,225.31971223021586,57.32345323741007,-0.016786570743405275,2
Panipat,5971.368041152264,78.01660082304527,-20.891358024691357,0
Panna,8271.812933450086,71.08982486865149,-40.5385288966725,0
Papum Pare,1674.8525343511449,74.19960305343511,-6.8351145038167935,2
Parbhani,9805.668276431717,83.41403634361234,-39.60462555066079,0
Parvathipuram Manyam,846.673642557652,69.32521488469602,-2.3815513626834384,2
Paschim Bardhaman,458.6766164727356,60.915989048596856,-0.6182979694273328,2
Paschim Medinipur,2398.896412489116,75.2316482149521,-6.736161214081354,2
Pashchim Champaran,242.1513870246085,55.87223713646532,11.237136465324385,2
Pashchimi Singhbhum,3032.153527131783,68.15445736434108,-6.292635658914729,2
Patan,2844.54711509716,75.16833084205281,-14.186846038863976,2
Pathanamthitta,855.3882759456839,70.21711081474297,-2.2253879728419013,2
Pathankot,2652.331819757366,74.12535528596187,-10.21837088388215,2
Patiala,6763.721476578412,77.60307026476578,-25.436354378818738,0
Patna,4144.643265786994,79.15561577128496,-13.351712221174992,2
Pauri Garhwal,1323.5823783783783,74.40181081081082,-5.855675675675676,2
Peddapalli,863.5307944606413,72.36309037900875,-1.293731778425656,2
Perambalur,2472.0158925476603,76.46529462738302,-9.730502599653379,2
Peren,1258.5792996108949,67.61233463035019,-4.801556420233463,2
Phalodi,146.22641509433961,55.16905660377358,0.0,2
Phek,1862.3012918660286,67.93437799043062,-3.007177033492823,2
Pherzawl,290.81632653061223,59.398979591836735,-0.02040816326530612,2
Pilibhit,12801.249856828194,83.01435022026432,-92.87665198237886,0
Pithoragarh,1648.3277674849467,75.38331171838814,-6.509958314034275,2
Pondicherry,1217.0036167076166,74.68926781326782,-1.9498771498771499,2
Poonch,100.0,50.0,-0.3333333333333333,2
Porbandar,2386.82403712297,73.40732405259087,-9.37432327919567,2
Prakasam,2826.224468272297,80.26606070603762,-14.02265478939844,2
Pratapgarh,4340.924775597436,78.4229764911599,-19.75772294540509,0
Prayagraj,1104.0902525098875,71.41113477334956,-2.7690903559476725,2
Puducherry,1582.0530638111888,76.83385052447552,-6.437062937062937,2
Pudukkottai,2516.932687323944,76.00653333333332,-8.502347417840376,2
Pulwama,3592.2817002881843,76.32829971181556,-17.20268972142171,2
Punch,10929.809511002444,81.32224938875306,-56.10513447432763,0
Pune,4937.8583912087915,82.27823956043956,-18.594945054945054,0
Purba Bardhaman,552.2965042155048,57.620736171087806,-0.5467818219206251,2
Purba Champaran,142.81431781701446,50.95279293739968,0.048154093097913325,2
Purba Medinipur,1804.7722095885595,73.05065056851483,-5.586566639315437,2
Purbi Champaran,0.0,0.0,166.66666666666666,1
Purbi Singhbhum,1344.840475,68.868,-1.966875,2
Puri,2596.0081218112246,76.79899872448979,-10.651466836734693,2
Purulia,464.0115291878173,64.61553934010152,-0.2772842639593909,2
Puruliya,3339.4207830037412,74.89088455371459,-6.98663816141101,2
Rae Bareli,3611.9728969754256,79.38902646502835,-17.895085066162572,2
Raebareli,95.0,45.8335,-0.15,2
Raichur,3691.985689300411,75.87441358024692,-15.62002743484225,2
Raigad,969.2185148514851,63.167209720972096,-0.44314431443144314,2
Raigarh,4658.286523211514,82.02348807676026,-14.372371948638351,0
Raigarh(Mh),243.55272517321018,58.384364896073905,0.10623556581986143,2
Raipur,6774.021012461059,79.7241370716511,-15.804984423676013,0
Raisen,6606.4716016548455,76.12943853427896,-35.71749408983452,0
Rajanna Sircilla,1127.965295154185,74.42687224669604,-2.958590308370044,2
Rajauri,92.3076923076923,46.15384615384615,-0.038461538461538464,2
Rajgarh,11849.17897915169,77.55944644140907,-54.40833932422718,0
Rajkot,3539.027590879759,73.86597117659713,-14.266724026672403,2
Rajnandgaon,16507.467460691823,85.84345911949686,-36.791666666666664,0
Rajouri,4169.107405012126,80.51209377526274,-21.848019401778497,0
Rajsamand,2942.5728430254658,74.14969973394146,-11.533257316609655,2
Ramanagar,3192.5135752212386,74.68868436578171,-10.148082595870207,2
Ramanagara,0.0,0.0,168.0,1
Ramanathapuram,2084.62272033575,76.09141739793972,-7.748950782144219,2
Ramban,5356.2941458333335,79.180375,-41.12916666666667,0
Ramgarh,2440.24204588015,75.26493913857678,-7.12125468164794,2
Rampur,10536.204114114114,78.97913913913914,-69.32332332332332,0
Ranchi,5468.477738095238,75.95695802005012,-16.228070175438596,0
Ranga Reddy,0.0,0.0,181.0,1
Rangareddy,2644.1034226102397,77.2909633027523,-8.737348327907664,2
Ranipet,213.51825627476885,56.00816380449142,-0.3857331571994716,2
Ratlam,11532.405069230768,76.1635153846154,-57.93692307692308,0
Ratnagiri,2345.0628582603254,82.59260794743429,-8.29224030037547,2
Rayagada,3930.399307105108,77.46088667058133,-15.747504403992954,2
Reasi,3132.7410901749663,72.24059219380888,-14.886944818304173,2
Rewa,6959.636780965711,78.25889433170049,-38.10146955913226,0
Rewari,4220.3103331067305,79.11808973487425,-15.128484024473147,0
Ri Bhoi,886.4549681528662,54.47122611464968,-2.3359872611464967,2
Rohtak,4697.951965428937,77.39606914212548,-14.144686299615877,0
Rohtas,4724.365826513911,82.50713584288052,-15.128314238952537,0
Rudraprayag,2147.2307760141093,76.70530864197531,-9.306878306878307,2
Rupnagar,2476.048519819368,75.55741595584546,-8.068740592072253,2
S.A.S Nagar,0.0,0.0,246.5,1
S.A.S Nagar(Mohali),338.8423765690377,60.42400836820084,-0.0895397489539749,2
Sabar Kantha,174.73204946996466,51.90355123674912,1.8074204946996466,2
Sabarkantha,2485.466698066435,76.42211948438275,-8.229053049082797,2
Sagar,7440.217390606182,75.95582095543959,-40.08109193095142,0
Saharanpur,8338.928517321016,80.97709006928406,-45.44711316397229,0
Sahebganj,7152.282312286689,79.0622013651877,-27.985494880546074,0
Sahibganj,1098.8601379310344,65.71610344827586,-1.589655172413793,2
Saiha,3061.6503000000002,67.14775,-20.465,2
Saitual,206.25,54.217124999999996,-0.4,2
Sakti,1368.86500723589,76.12720694645442,-0.36903039073806077,2
Salem,3139.0836722215563,78.24121328377892,-12.833233425248771,2
Salumbar,132.1138211382114,54.6890243902439,0.008130081300813009,2
Samastipur,6255.074169797145,79.33406962183821,-20.18632607062359,0
Samba,1640.0388699080158,75.56919842312746,-8.018396846254928,2
Sambalpur,2574.7962302576893,77.17584788029924,-9.986284289276808,2
Sambhal,6176.475485362095,77.58760143810991,-36.85362095531587,0
Samstipur,111.40156862745098,47.319455337690634,0.058823529411764705,2
Sangareddy,1384.3122271336279,71.51961917715063,-3.815028901734104,2
Sangli,3620.0254269926327,82.98676490288011,-14.519256530475552,2
Sangrur,4899.600551407238,80.63796668581276,-19.652498564043654,0
Sant Kabir Nagar,5882.683668197474,80.33680252583237,-28.436280137772677,0
Sant Ravidas Nagar,5360.503958944282,82.18395894428153,-30.832844574780058,0
Sant Ravidas Nagar Bhadohi,125.77910569105691,46.89402439024391,-0.04065040650406504,2
Saran,3596.226671259842,76.02240551181103,-10.639173228346456,2
Sarangarh-Bilaigarh,1087.14495543672,78.06112299465241,0.08199643493761141,2
Sas Nagar (Mohali),3548.517065767285,76.92328836424959,-11.775716694772344,2
Satara,3172.5093935556497,83.01638666103841,-13.56915716898832,2
Satna,6802.199594214544,77.03290076335878,-33.613097629570106,0
Sawai Madhopur,3288.8216726261426,75.57815653555821,-15.009932459276916,2
Sehore,6387.467682003495,77.59617355853233,-28.633080955154337,0
Senapati,1761.5585759162302,73.56698952879582,-6.075916230366492,2
Seoni,6999.907762237763,76.80680864589955,-25.231404958677686,0
Sepahijala,3648.2367252396166,77.30861022364218,-19.750798722044728,2
Seraikela-Kharsawan,5264.001600537996,77.94939475453934,-19.245460659045058,0
Serchhip,3089.8371578947367,71.06298245614035,-16.610526315789475,2
Shahdara,4376.091232227488,77.37132701421801,-3.580568720379147,2
Shahdol,6879.531138581652,73.82793103448276,-26.216005204944697,0
Shaheed Bhagat Singh Nagar,1335.164269005848,71.64621971595655,-5.29156223893066,2
Shahjahanpur,7572.453736591179,81.91165077473183,-59.16746126340882,0
Shajapur,6341.038980730223,75.0079817444219,-28.635902636916835,0
Shamator,357.0014893617021,53.373510638297866,-0.3404255319148936,2
Shamli,9736.311922330096,79.16303883495145,-56.21456310679611,0
Sheikhpura,5331.5384149484535,78.56899484536082,-19.692010309278352,0
Sheikpura,179.817734375,56.433984375,0.046875,2
Sheohar,6535.529324546952,78.75512355848436,-17.97528830313015,0
Sheopur,10789.14298,77.14218,-57.41,0
Shi-Yomi,693.8690476190476,73.96511904761904,-2.3214285714285716,2
Shimla,1024.0565588038385,71.59391876813211,-3.9232314215576882,2
Shimoga,829.8197488187018,67.03217856254663,-1.3076349166873913,2
Shivamogga,1127.0749815316424,67.800911105639,-4.764836247229747,2
Shivpuri,8530.730256124722,75.33366369710468,-46.220489977728285,0
Shopian,0.0,0.0,308.0,1
Shravasti,0.0,0.0,216.75,1
Shrawasti,5188.394235116805,78.09803315749811,-25.096458176337602,0
Shupiyan,14323.395315315314,79.9426126126126,-77.35135135135135,0
Siang,960.3981920903956,72.86977401129944,-4.372881355932203,2
Sibsagar,670.5011853720051,66.79053804119378,-2.723413198823035,2
Siddharth Nagar,0.0,0.0,267.1666666666667,1
Siddharthnagar,5811.256624869383,79.66505747126438,-30.605015673981192,0
Siddipet,1176.8460648322653,75.70399924613645,-2.8978514888805127,2
Sidhi,13117.80752341311,76.08290322580645,-74.01873048907387,0
Sikar,3120.9999849141996,76.03280030171601,-12.274938713935509,2
Simdega,9385.942474964235,81.19786838340487,-26.90414878397711,0
Sindhudurg,1398.1676645876646,77.6956595056595,-4.514206514206514,2
Singrauli,10861.780906593407,76.18826923076922,-63.99633699633699,0
Sirmaur,2713.0965017421604,74.13155400696864,-9.371428571428572,2
Sirohi,3246.921306032097,75.7584006640841,-16.31267293857222,2
Sirsa,8029.348005886681,82.71804267844003,-27.030905077262695,0
Sitamarhi,6332.9975996778085,79.1549697946033,-25.347966169955697,0
Sitapur,9490.812177901875,81.15582369365775,-71.90546469884323,0
Sivaganga,1602.09976984127,72.31099523809524,-6.0553968253968256,2
Sivasagar,0.0,0.0,51.0,1
Siwan,3534.730895838232,77.15772395955796,-10.80531389607336,2
Solan,1562.9530377444294,73.22857207821737,-6.6193724420191,2
Solapur,5748.583537608631,84.78448756367996,-21.32289481570273,0
Sonapur,3257.74758254717,77.82314858490565,-16.27240566037736,2
Sonbhadra,6158.2808523908525,81.77037941787941,-35.38773388773389,0
Sonipat,4777.73805130735,79.7066304884065,-14.581154415392206,0
Sonitpur,1137.6416726174127,70.4561521560011,-3.125789618236748,2
South,970.7380078125,67.57822265625,-1.794921875,2
South 24 Parganas,4399.902427557315,76.56535203072268,-9.53857791225416,2
South Andaman,1446.0008037825057,75.84489361702127,-7.412529550827423,2
South Delhi,13743.980745679013,79.90380246913581,-41.95160493827161,0
South Dinajpur,515.7874684772066,66.88365664403491,-0.1784675072744908,2
South Dumdum(M),130.0,55.001,0.0,2
South East Delhi,1341.1227368421053,75.46831578947368,-2.0736842105263156,2
South Garo Hills,654.4401583113456,50.41517150395778,-0.0316622691292876,2
South Goa,1320.0148938356165,73.25274657534246,-5.01472602739726,2
South Salmara Mankachar,3293.6821859296483,78.91035175879396,-4.28140703517588,2
South Sikkim,728.8462077922078,61.92444155844156,-2.831168831168831,2
South Tripura,3698.1747723440135,80.7603485103991,-11.758291174817312,2
South West Delhi,7151.106262465097,79.09463103310729,-23.41204627044276,0
South West Garo Hills,1752.2226666666668,66.71796666666667,0.07,2
South West Khasi Hills,1237.2782545454545,59.225890909090914,-3.949090909090909,2
Sri Muktsar Sahib,4436.35981294964,79.84705035971223,-17.18345323741007,0
Sri Potti Sriramulu Nellore,2394.389404958678,77.80540750158933,-12.195041322314049,2
Sri Sathya Sai,709.6545327510917,66.33515283842794,-1.3636098981077147,2
Sribhumi,296.30381549815496,64.48184501845019,0.05166051660516605,2
Srikakulam,4151.84520418164,82.91533322443645,-19.322606991179352,0
Srinagar,3239.2441527153937,79.64549203756636,-11.678644344630461,2
Subarnapur,1222.2279117647058,70.60794117647059,-2.289705882352941,2
Sukma,7095.556041131105,83.99413881748072,-31.5012853470437,0
Sultanpur,3265.7839563262687,78.98350032113038,-17.301220295439947,2
Sundargarh,633.5615191424197,67.61638591117918,-0.8217457886676875,2
Sundergarh,2185.1058451406907,75.06576930752345,-8.731590500898024,2
Supaul,3875.3038020833333,77.47729166666666,-13.263020833333334,2
Surajpur,7249.674730964467,82.61905583756345,-21.243654822335024,0
Surat,4698.591141754787,75.56718348099457,-16.896113175192912,0
Surendra Nagar,3279.540196656834,72.48443788921665,-12.917076368403801,2
Surendranagar,194.28740282685513,56.550106007067136,1.2897526501766785,2
Surguja,10390.65983435048,80.73221447253705,-22.599825632083697,0
Suryapet,2333.2361426844013,78.90007255139056,-4.183796856106409,2
Tamenglong,1893.395372616984,72.03263431542462,-6.33102253032929,2
Tamulpur District,261.7403591160221,64.52969613259668,0.016574585635359115,2
Tapi,2163.663590673575,70.39675647668393,-7.557512953367875,2
Tarn Taran,3271.3459221392054,75.58608336610303,-9.3063311049941,2
Tawang,1072.1611417322833,72.7866535433071,-6.818897637795276,2
Tehri Garhwal,2621.8700272479564,78.21779291553133,-10.846957311534968,2
Tenkasi,483.22304542546385,64.30216250799744,-1.934420985284709,2
Thane,5708.66497215131,81.73988628452076,-19.66268275702019,0
Thanjavur,2066.6162697304844,75.81468592290348,-6.815311929560829,2
The Dangs,5042.318801742919,77.70054466230937,-25.237472766884533,0
The Nilgiris,1254.7812913907285,72.65925624044829,-5.284513499745287,2
Theni,3275.8256174334138,78.03463853337945,-12.01971636112072,2
Thiruvallur,271.17178156996584,57.56353583617747,-0.30648464163822525,2
Thiruvananthapuram,1627.351817338036,75.37422220159644,-4.657416001485057,2
Thiruvarur,1330.1264041790116,74.80040854514269,-4.87603305785124,2
Thoothukkudi,1865.7820185974429,75.14287743768566,-8.146325713547721,2
Thoubal,9405.893648468707,86.60338215712383,-42.12250332889481,0
Thrissur,1231.8168964006718,73.52871723735124,-3.8777834562312914,2
Tikamgarh,9954.479527229203,76.98912028725314,-49.76540993417115,0
Tinsukia,1236.4063481089875,71.7181577877186,-3.254981699877999,2
Tirap,698.4181896551725,68.02264367816092,-3.6206896551724137,2
Tiruchirappalli,2417.5936894365354,76.30095226701759,-7.209474817561909,2
Tirunelveli,2083.1348708658493,76.38970921590486,-7.929858788554441,2
Tirupathur,201.61290322580646,61.11806451612903,-0.6935483870967742,2
Tirupati,814.4793329804129,62.83906299629434,-1.2278983589200636,2
Tirupattur,768.7623502722323,68.65669691470053,-3.4500907441016335,2
Tiruppur,2843.382076961855,77.74757519744581,-10.658880860359604,2
Tiruvallur,3711.643271554091,78.97402388797364,-15.446732564524986,2
Tiruvannamalai,2432.9840702351485,76.89481590346536,-11.444616336633663,2
Tiruvarur,80.0,40.0,0.2,2
Tiswadi,100.0,50.0,0.0,2
Tonk,5517.120450097847,80.17173515981736,-24.099804305283758,0
Tseminyu,381.8784126984127,53.90380952380953,-0.7301587301587301,2
Tuensang,1984.3669833729216,68.57425178147268,-5.0308788598574825,2
Tumakuru,1143.3679700138096,69.5155336358256,-4.631485500098639,2
Tumkur,1437.032488837119,75.14730926033779,-3.3428460493108134,2
Tuticorin,80.0,40.0,0.0,2
Udaipur,4984.835517758879,77.11686093046524,-21.366433216608304,0
Udalguri,1181.8095538680589,69.02601328903654,-4.764119601328904,2
Udham Singh Nagar,11306.24110313316,78.95892950391645,-52.93994778067885,0
Udhampur,2865.3595197044338,72.80726600985221,-11.933497536945813,2
Udupi,847.8501066391468,69.07989164086688,-2.8144134846921225,2
Ujjain,6898.74537540304,74.98906955320129,-33.29525564256103,0
Ukhrul,3507.6277684210527,74.89035789473684,-12.44421052631579,2
Umaria,6026.049678284182,71.29859249329759,-20.343163538873995,0
Una,1183.1833997901363,72.01374956278418,-4.676460300804477,2
Unakoti,2229.6942737430168,73.92361731843575,-15.356145251396647,2
Unnao,5296.00912550311,76.06055250640321,-29.763629710940357,0
Upper Siang,1274.0788947368421,76.15926315789474,-5.821052631578947,2
Upper Subansiri,4410.210625,81.1478125,-24.239583333333332,0
Uttar Bastar Kanker,2695.375361867704,81.19920622568092,-4.647470817120623,2
Uttar Dinajpur,6599.118527918781,76.07368443316413,-6.06429780033841,0
Uttara Kannada,960.5336524941413,68.21757281553398,-3.3536993639102777,2
Uttarkashi,2623.6549644670054,77.3120609137056,-12.430456852791878,2
Vadodara,3072.0086550382007,76.11675652299265,-8.987026091970593,2
Vaishali,5410.481164515243,76.89976929414996,-17.247184839329854,0
Valsad,2888.8830771714565,73.71601226993864,-10.821440103325799,2
Varanasi,4966.6886487228785,78.95262290579511,-24.91018950837682,0
Vellore,2121.0002170418006,77.58941921221866,-8.740353697749196,2
Vidisha,9187.524604927783,77.85152931180968,-49.85131690739168,0
Vijayanagara,1237.812902338377,61.354475011462625,-1.7262723521320495,2
Vijayapura,1591.7529867533117,71.35688077980505,-7.642589352661835,2
Vikarabad,2207.390279642058,75.65427852348994,-3.1191275167785233,2
Villupuram,1557.1005673581606,74.307271932017,-9.634341414646338,2
Viluppuram,1228.3141206941207,74.40106578606579,-2.2643097643097643,2
Virudhunagar,2372.5526074972436,76.66524623300258,-9.617603822124218,2
Visakhapatanam,0.0,0.0,186.0,1
Visakhapatnam,4386.010367258762,80.97055688910227,-21.993999039846376,0
Vizianagaram,3220.4933982720654,80.5176351007962,-16.016432322547857,2
Wanaparthy,1775.4764566929134,75.29036745406825,-2.879265091863517,2
Warangal,1458.2003522231907,77.51286573670444,-5.443504795117699,2
Warangal (Urban),124.69135802469135,51.70827160493827,0.024691358024691357,2
Warangal Rural,1005.670796460177,74.5342005899705,-1.7262536873156342,2
Warangal Urban,1110.1792847317743,67.07863136176066,-2.687757909215956,2
Wardha,6780.500023323614,82.77531778425657,-22.512536443148687,0
Washim,9645.283335907336,83.62328185328185,-31.742857142857144,0
Wayanad,2419.149965437788,77.88161866359447,-6.418778801843318,2
West,1925.5268774703557,72.81984189723319,-5.6561264822134385,2
West Champaran,9832.99180379747,78.99649789029534,-33.10337552742616,0
West Delhi,14986.625858208956,80.5719962686567,-51.946828358208954,0
West Garo Hills,1805.611782051282,63.831782051282055,-4.635897435897436,2
West Godavari,2643.937765606824,79.70660333462583,-12.566110895696006,2
West Jaintia Hills,1515.9663742690059,53.88763157894737,-5.464912280701754,2
West Kameng,1182.3114159292033,72.62346902654868,-4.846017699115044,2
West Karbi Anglong,534.9372817955112,56.42069825436409,-1.6433915211970074,2
West Khasi Hills,2499.663495575221,58.351460176991154,-3.9734513274336285,2
West Medinipur,100.0,44.23076923076923,0.0,2
West Midnapore,1008.3704496225795,70.52765671151953,-0.8887430259271415,2
West Nimar,786.580780876494,60.99329083665339,-1.5243027888446214,2
West Siang,1707.669596273292,73.95555900621117,-9.5,2
West Sikkim,1612.626015625,69.8816796875,-8.0234375,2
West Singhbhum,7216.255581649372,75.95543965046423,-29.4604041507373,0
West Tripura,3636.0857958061188,79.93120660020625,-11.423513234788587,2
Wokha,2945.4711274509805,67.35799019607843,-9.029411764705882,2
Y. S. R,777.7253390088173,62.9935360291882,-1.3019154758285194,2
Yadadri.,2331.859538572459,79.56823359769287,-3.729632299927902,2
Yadgir,3157.6138169014084,74.67584507042253,-12.992018779342724,2
Yamuna Nagar,7504.422935435435,81.0993018018018,-22.22747747747748,0
Yamunanagar,471.0148,62.40088888888889,-0.3422222222222222,2
Yanam,488.8888461538462,73.03999999999999,-0.2948717948717949,2
Yavatmal,10705.212322335026,86.34267131979695,-26.98477157360406,0
Zunheboto,2007.6918059299192,63.481886792452826,-3.4851752021563343,2
