state,district,maturity_pct,biometric_backlog_vol,migration_pct,total_workload
Maharashtra,Pune,4937.8583912087915,-253821.0,1510.1072996336998,950823.0
Maharashtra,Thane,5708.66497215131,-169453.0,1783.9899199350198,929202.0
Maharashtra,Nashik,7211.212497571805,-192417.0,1504.7931719161927,773670.0
West Bengal,South 24 Parganas,4399.902427557315,-81965.0,2035.01618410334,623065.0
Gujarat,Ahmedabad,6075.712189372232,-150660.0,1625.2247929148216,615954.0
Gujarat,Surat,4698.591141754787,-118239.0,1909.5951486138897,558869.0
Delhi,North West Delhi,22096.221532438478,-118820.0,7677.198545861297,552659.0
Karnataka,Bengaluru,3336.4195091292777,-122287.0,1209.6468446646481,546106.0
Maharashtra,Solapur,5748.583537608631,-142309.0,1897.3978408750374,540488.0
Maharashtra,Ahmadnagar,4717.9416631355925,-150727.0,1381.3749034839925,539677.0
Maharashtra,Jalgaon,6471.137804205447,-135353.0,1134.2807066528783,535900.0
Maharashtra,Nanded,8230.357253041364,-114042.0,2377.333126520681,524684.0
West Bengal,Murshidabad,3758.8722106877435,-58132.0,1690.4985100861152,513271.0
Maharashtra,Mumbai,4187.715098774969,-106320.0,700.2075256594195,510822.0
West Bengal,North 24 Parganas,2375.8539402413894,-75033.0,959.4197335884604,488576.0
Maharashtra,Yavatmal,10705.212322335026,-85056.0,3113.9760406091373,480319.0
Andhra Pradesh,Kurnool,4982.799251174007,-227249.0,1064.188381774337,479081.0
Maharashtra,Aurangabad,6849.418724832215,-95434.0,1587.0832388764604,438621.0
Uttar Pradesh,Bareilly,9522.851730769231,-146158.0,3621.692872841444,435457.0
Andhra Pradesh,Visakhapatnam,4386.010367258762,-183254.0,991.425974555929,425327.0
Bihar,East Champaran,6603.666529596647,-83915.0,2512.4138056574125,424682.0
Bihar,Patna,4144.643265786994,-84997.0,1554.8897455230913,418694.0
Andhra Pradesh,Guntur,3617.03180495356,-174331.0,913.6739659442725,417595.0
Uttar Pradesh,Sitapur,9490.812177901875,-180267.0,2781.8632030315116,416345.0
Telangana,Rangareddy,3379.5805901262916,-106539.0,983.4247072330653,413163.0
Maharashtra,Amravati,7807.472795216741,-96126.0,1144.6830219232686,411189.0
Andhra Pradesh,East Godavari,2792.5013678504083,-191332.0,631.753975487115,408976.0
Uttar Pradesh,Allahabad,6640.560188457008,-167697.0,1756.2786902237926,405774.0
Telangana,Hyderabad,4206.630684748033,-108394.0,1402.8262598359283,402648.0
Uttar Pradesh,Agra,7673.39183020181,-132848.0,2490.8271920668058,400722.0
Andhra Pradesh,Ananthapuramu,3837.625056179775,-177607.0,790.9276995250782,398456.0
Uttar Pradesh,Bijnor,9275.961835994194,-127710.0,3315.5893214804064,394844.0
Bihar,Madhubani,5978.332790643275,-95693.0,1732.9749239766081,394399.0
Maharashtra,Beed,9149.683842003853,-103735.0,2605.6256223506743,392780.0
Uttar Pradesh,Lucknow,4698.038278639017,-108037.0,1679.3371169720153,392597.0
Bihar,Muzaffarpur,4514.103837118246,-77347.0,1612.3199569303054,387979.0
Uttar Pradesh,Ghaziabad,7456.061586570112,-89824.0,3151.5603127057275,381865.0
Delhi,South Delhi,13743.980745679013,-84952.0,5010.109204938272,381042.0
Maharashtra,Kolhapur,4011.6459897916957,-110052.0,905.2848448061801,372586.0
Bihar,West Champaran,9832.99180379747,-62764.0,3931.6375052742615,372447.0
Andhra Pradesh,Chittoor,3537.140001143903,-157416.0,926.167311827957,371307.0
Bihar,Samastipur,6255.074169797145,-80604.0,1996.67051590283,368429.0
Madhya Pradesh,Indore,7520.178456307379,-89855.0,2286.3057837470246,364755.0
Uttar Pradesh,Aligarh,5352.0197633304815,-127441.0,1915.7036726546908,361227.0
Tamil Nadu,Tiruvallur,3711.643271554091,-112514.0,975.7259692476661,352695.0
Kerala,Malappuram,2915.3212780562217,-85160.0,825.9476759642623,351935.0
Bihar,Gaya,6154.725942240374,-77863.0,2052.961093932322,351921.0
Tamil Nadu,Chennai,3494.085701640198,-101323.0,958.2452304087477,351502.0
Delhi,West Delhi,14986.625858208956,-55687.0,6172.348768656716,346687.0
Maharashtra,Latur,10341.642020159596,-67419.0,2369.976547669047,346618.0
Rajasthan,Alwar,4597.531863775734,-106705.0,1304.0369842312746,346308.0
Bihar,Sitamarhi,6332.9975996778085,-62939.0,2400.8179540877973,346100.0
Tamil Nadu,Kancheepuram,2859.404134792502,-107777.0,722.41369379131,345993.0
Uttar Pradesh,Kheri,7071.657591564927,-125410.0,2793.158993710692,344668.0
Rajasthan,Jodhpur,5249.056625183016,-99012.0,1675.7371864324061,344519.0
Uttar Pradesh,Hardoi,8602.44208923209,-134700.0,2675.9871728871726,340415.0
Uttar Pradesh,Kanpur Nagar,4010.4534331744953,-79310.0,1494.8305513955072,334102.0
Uttar Pradesh,Saharanpur,8338.928517321016,-98393.0,2875.494752886836,331403.0
Maharashtra,Mumbai Suburban,3965.802426216941,-84711.0,1601.0902606362592,327198.0
Tamil Nadu,Salem,3139.0836722215563,-107042.0,608.9953566718618,325146.0
West Bengal,Barddhaman,1672.0368414841041,-64570.0,548.9296791325514,321393.0
Uttar Pradesh,Bulandshahr,5149.715324738506,-122141.0,1805.4268669423498,319091.0
West Bengal,Paschim Medinipur,2398.896412489116,-54152.0,946.9084152257743,318627.0
Uttar Pradesh,Bahraich,5850.978089005235,-113161.0,2352.369694589878,318443.0
Uttar Pradesh,Varanasi,4966.6886487228785,-90698.0,1795.2531529799508,318150.0
Uttar Pradesh,Jaunpur,4192.636199345067,-101500.0,1387.420292672943,316727.0
Uttar Pradesh,Azamgarh,4102.153824932587,-86441.0,1436.2915204314456,316020.0
Uttar Pradesh,Gorakhpur,4788.352657446283,-72367.0,1656.4717337614225,315797.0
Tamil Nadu,Coimbatore,2660.065290196883,-66954.0,623.690144585726,314531.0
Andhra Pradesh,Krishna,2736.933971580454,-137233.0,578.64458801881,314385.0
Uttar Pradesh,Meerut,7027.165625270445,-93176.0,2586.117944612722,313455.0
West Bengal,Uttar Dinajpur,6599.118527918781,-14336.0,3901.8190736040606,311402.0
Maharashtra,Buldhana,6827.159288771815,-76972.0,1792.765465920316,311093.0
West Bengal,Hooghly,2409.8564259607933,-58392.0,907.680441909403,309340.0
Andhra Pradesh,West Godavari,2643.937765606824,-129632.0,664.6351308646762,309218.0
Uttar Pradesh,Moradabad,6697.274629532317,-84560.0,2483.899269574356,308367.0
Chhattisgarh,Bilaspur,9522.605669527897,-57017.0,3192.474832618026,307542.0
Andhra Pradesh,Prakasam,2826.224468272297,-127508.0,669.4926228967338,302249.0
Maharashtra,Chandrapur,7309.562844631852,-59802.0,1851.8760979565357,300179.0
Bihar,Vaishali,5410.481164515243,-62797.0,1629.0602252128538,298548.0
Tamil Nadu,Madurai,4176.2655349264705,-88813.0,864.0694227941177,297611.0
Punjab,Ludhiana,2661.131681401958,-68152.0,726.4561967161351,296487.0
Rajasthan,Nagaur,4401.243737508328,-91915.0,1150.9578636464578,295976.0
Bihar,Saran,3596.226671259842,-54047.0,1283.0006082677164,292898.0
Maharashtra,Sangli,3620.0254269926327,-86709.0,767.953549899531,292416.0
Uttar Pradesh,Shahjahanpur,7572.453736591179,-99283.0,2584.279642431466,287799.0
Rajasthan,Udaipur,4984.835517758879,-85423.0,1700.9337568784392,287504.0
Andhra Pradesh,Srikakulam,4151.84520418164,-118293.0,1107.8546553413917,287245.0
Gujarat,Vadodara,3072.0086550382007,-62343.0,697.9343909470953,287230.0
West Bengal,Nadia,2472.7353881278536,-37735.0,1113.283509063235,286509.0
Rajasthan,Barmer,7315.508926701571,-103068.0,2099.0749925205687,286083.0
Maharashtra,Satara,3172.5093935556497,-96436.0,756.4759912762066,285435.0
Uttar Pradesh,Muzaffarnagar,7466.157051597052,-105307.0,2339.705049140049,284632.0
Chhattisgarh,Raipur,6774.021012461059,-50734.0,1991.2323052959503,282827.0
Gujarat,Rajkot,3539.027590879759,-66326.0,1048.3020972252098,282321.0
Tamil Nadu,Tirunelveli,2083.1348708658493,-85357.0,354.65194444444444,279669.0
Maharashtra,Parbhani,9805.668276431717,-71922.0,2444.09984030837,278205.0
Uttar Pradesh,Kushinagar,9597.993200628602,-74796.0,3647.1372289156625,276428.0
Telangana,Mahabubnagar,3082.081122881356,-93628.0,562.3684624697336,271093.0
Odisha,Ganjam,3001.814793905591,-86983.0,692.0369691198476,267846.0
Uttar Pradesh,Barabanki,4948.33116135938,-105669.0,1460.6996200160559,266362.0
Madhya Pradesh,Rewa,6959.636780965711,-108894.0,1256.3948285514346,265783.0
Madhya Pradesh,Sagar,7440.217390606182,-99842.0,1385.17942593336,264681.0
Tamil Nadu,Vellore,2121.0002170418006,-86984.0,461.28741459003214,264435.0
Delhi,South West Delhi,7151.106262465097,-58694.0,2782.613191065018,263701.0
Madhya Pradesh,Bhopal,5735.029337016575,-76926.0,1302.872869678258,262443.0
Jharkhand,Ranchi,5468.477738095238,-51800.0,1393.2772117794486,262236.0
Uttar Pradesh,Unnao,5296.00912550311,-81344.0,1938.4872740578119,261055.0
Uttar Pradesh,Gonda,5033.495892531876,-90116.0,1692.0923709775348,259248.0
Chhattisgarh,Janjgir-Champa,10583.648840274118,-45217.0,3038.3093990511334,258186.0
Chhattisgarh,Rajnandgaon,16507.467460691823,-46799.0,6582.493199685534,257663.0
Maharashtra,Palghar,4621.738648957441,-81569.0,1399.104047415024,257042.0
Maharashtra,Jalna,7310.509240558293,-65472.0,1461.929027093596,255689.0
Maharashtra,Dhule,5528.484012251149,-63737.0,881.5493491577334,253769.0
Tamil Nadu,Tiruchirappalli,2417.5936894365354,-60264.0,414.03467639669816,253324.0
Uttar Pradesh,Rampur,10536.204114114114,-69254.0,4160.929039039039,251418.0
Delhi,East Delhi,15322.964239373601,-44927.0,6337.857147651007,250556.0
West Bengal,Malda,4221.046471404776,-25976.0,2123.9071154913936,250556.0
Uttar Pradesh,Ghazipur,4257.613663366336,-85550.0,1293.8039876237624,249752.0
Bihar,Nalanda,4846.380563145618,-46301.0,1686.1757680773078,248337.0
West Bengal,Haora,2939.7147110040755,-37843.0,1026.4006317154501,248283.0
Madhya Pradesh,Satna,6802.199594214544,-83663.0,1410.2359622338288,247539.0
Uttar Pradesh,Budaun,5763.202190516156,-67927.0,2766.123235417541,245130.0
Karnataka,Bangalore,2189.888769214682,-45603.0,304.11116699780405,244029.0
Delhi,North East Delhi,32128.15318965517,-67486.0,10197.511163793102,242884.0
Haryana,Faridabad,7349.314466349422,-44935.0,3202.0690686607745,242826.0
Rajasthan,Ajmer,3318.2272040201005,-67529.0,1231.1374130653267,242476.0
Jharkhand,Dhanbad,3907.7883433994825,-45020.0,1255.2685547886108,241074.0
Maharashtra,Osmanabad,7295.969189298743,-58545.0,2128.814398054317,239470.0
Andhra Pradesh,Sri Potti Sriramulu Nellore,2394.389404958678,-95914.0,570.4358258105531,239135.0
Rajasthan,Bharatpur,4933.565840537944,-66847.0,1744.4713256484151,238820.0
Maharashtra,Nandurbar,7202.167308478039,-58568.0,743.3971246169561,238193.0
Madhya Pradesh,Morena,9964.602455696202,-78982.0,2966.102759493671,238090.0
West Bengal,Birbhum,3231.0795513847565,-33651.0,1344.1990409704738,237330.0
Uttar Pradesh,Pilibhit,12801.249856828194,-84332.0,4756.892411894272,236993.0
Uttarakhand,Udham Singh Nagar,11306.24110313316,-81104.0,4100.629869451697,236515.0
Madhya Pradesh,Jabalpur,6722.977259535655,-69455.0,1753.7014510779438,235673.0
Tamil Nadu,Cuddalore,2858.022567252371,-80476.0,628.0474669569273,235527.0
Chhattisgarh,Durg,6883.461266639774,-69436.0,1394.2849011698265,235020.0
Punjab,Amritsar,4292.342271444695,-48712.0,1044.823250564334,233645.0
Uttar Pradesh,Deoria,5572.390573800072,-72798.0,1690.319220498015,232948.0
Tamil Nadu,Dindigul,3635.362895841282,-59112.0,523.7928138115224,232750.0
Andhra Pradesh,Cuddapah,2729.8541800507182,-106341.0,584.1448844744999,232610.0
Maharashtra,Akola,6212.752325834543,-48471.0,1089.060899854862,232522.0
Chhattisgarh,Raigarh,10363.14986031746,-33340.0,2556.0887365079366,232337.0
West Bengal,Jalpaiguri,2342.1842965419232,-26012.0,1288.770189483657,232076.0
Madhya Pradesh,Chhatarpur,7402.676781029264,-76745.0,1619.0307517658932,231777.0
Tamil Nadu,Thanjavur,2066.6162697304844,-63471.0,413.83352732739183,230132.0
Bihar,Siwan,3534.730895838232,-45955.0,1158.8853585704207,230051.0
Rajasthan,Sikar,3120.9999849141996,-65094.0,693.1827418442391,228771.0
West Bengal,Bankura,2363.03923921822,-43260.0,934.9207995477306,228633.0
Chhattisgarh,Baloda Bazar,9214.99281267067,-47087.0,3091.5444074276347,227648.0
Uttar Pradesh,Firozabad,5689.381140618198,-73049.0,2237.3326164562473,226467.0
Madhya Pradesh,Dhar,8281.925504939627,-68705.0,2093.303704720088,225842.0
Madhya Pradesh,Shivpuri,8530.730256124722,-83012.0,1519.434315144766,225835.0
Kerala,Kozhikode,2279.2427444168734,-55441.0,590.9899975186104,224968.0
Maharashtra,Raigarh,3028.1777140783747,-68517.0,739.962723149492,222977.0
Gujarat,Banaskantha,5247.262594429607,-63008.0,1106.780068676078,222888.0
Uttar Pradesh,Pratapgarh,4055.602621105001,-71636.0,1297.467258444619,222548.0
Madhya Pradesh,Barwani,9232.382890365448,-64572.0,2395.3430675526024,222435.0
Uttar Pradesh,Ballia,3987.855653775322,-72176.0,1193.426340436727,221775.0
Odisha,Mayurbhanj,2798.9880095238095,-69800.0,590.235046031746,220079.0
Uttar Pradesh,Rae Bareli,3611.9728969754256,-75732.0,1161.8200732514176,218423.0
West Bengal,Purba Medinipur,1804.7722095885595,-47659.0,522.751216738952,216804.0
Andhra Pradesh,Vizianagaram,3220.4933982720654,-94545.0,713.4212993393189,216234.0
West Bengal,Puruliya,3339.4207830037412,-26144.0,1410.997434526991,215092.0
Tamil Nadu,Tiruppur,2843.382076961855,-63431.0,682.5086859351369,215063.0
Madhya Pradesh,Ujjain,6898.74537540304,-72284.0,1514.5080515891295,214632.0
Uttar Pradesh,Gautam Buddha Nagar,4132.358534661686,-39312.0,1949.5381486093816,214262.0
Bihar,Bhojpur,3431.8871684768883,-35477.0,1370.1544581965143,213395.0
Rajasthan,Pali,3832.3201324343845,-63352.0,902.0194726703588,212921.0
Madhya Pradesh,Khargone,6537.381323448655,-70635.0,877.9432015376167,212522.0
Uttar Pradesh,Fatehpur,5248.035217219589,-63420.0,1939.4865837282782,212093.0
Jharkhand,Giridih,7874.625435244162,-45141.0,3160.943492569002,211760.0
Uttar Pradesh,Mathura,5257.553405584129,-72530.0,1809.8024504041146,210066.0
Bihar,Rohtas,4724.365826513911,-46217.0,1597.8727954173485,206309.0
Madhya Pradesh,Chhindwara,6560.855379926859,-53801.0,1539.5359325477448,205906.0
Madhya Pradesh,Tikamgarh,9954.479527229203,-83158.0,1352.6513046080192,204733.0
Uttar Pradesh,Maharajganj,6676.237896009674,-51576.0,2886.8523700120923,204511.0
Kerala,Ernakulam,1576.9864668036817,-56089.0,345.44236886784023,204339.0
Kerala,Thiruvananthapuram,1627.351817338036,-50179.0,348.0574438462966,203997.0
Madhya Pradesh,Gwalior,5416.3459129511675,-56430.0,1496.8694214437369,203095.0
Madhya Pradesh,Rajgarh,11849.17897915169,-75682.0,1392.9333644859814,202866.0
Kerala,Palakkad,1529.303329257642,-55169.0,243.4059458515284,202580.0
Jharkhand,Palamu,8875.351577992744,-49753.0,3178.620054413543,202550.0
Bihar,Bhagalpur,4654.2925408279525,-47199.0,1478.8129510064566,202360.0
Rajasthan,Bikaner,4521.287630350195,-53714.0,1234.5516147859921,202353.0
Rajasthan,Bhilwara,4322.0732391235315,-54763.0,1682.9408891711655,202269.0
Tamil Nadu,Erode,2819.5732238700566,-57458.0,609.6621204096045,201774.0
Maharashtra,Hingoli,8584.02897716895,-38581.0,3137.43703196347,200692.0
Uttarakhand,Dehradun,3277.0181781609194,-56212.0,962.2820545977011,200610.0
Telangana,Nalgonda,2864.801218583397,-72074.0,652.7669725818736,199828.0
Assam,Nagaon,3382.681181599519,-33430.0,1122.6842032471438,199461.0
Rajasthan,Churu,5092.394543973941,-58946.0,1365.6173167752443,198432.0
Gujarat,Bhavnagar,3596.0701149999995,-56741.0,763.8392425000001,196753.0
Madhya Pradesh,Betul,6968.621657568238,-61205.0,979.2197220843673,196404.0
Bihar,Gopalganj,5464.763979033728,-40611.0,1953.9240519598907,196127.0
Kerala,Thrissur,1231.8168964006718,-53114.0,252.20294005986713,195893.0
Tamil Nadu,Tiruvannamalai,2432.9840702351485,-73978.0,504.3537840346535,195744.0
Telangana,Karimnagar,2125.6236097298747,-61322.0,519.6720870850692,195736.0
Madhya Pradesh,Ratlam,11532.405069230768,-75318.0,2789.1136076923076,193779.0
Chhattisgarh,Mahasamund,21773.145659574468,-26006.0,10164.852170212765,191496.0
Uttar Pradesh,Siddharthnagar,5811.256624869383,-58578.0,1981.8253866248695,190641.0
Jharkhand,East Singhbhum,5192.4018664192945,-52774.0,1100.8510834879405,189110.0
Uttarakhand,Haridwar,6792.13185647426,-79051.0,1616.8214664586585,187022.0
Punjab,Patiala,6763.721476578412,-49957.0,1930.6245875763748,185539.0
Madhya Pradesh,Balaghat,7495.530982776089,-64459.0,1822.3722948328268,185205.0
Uttar Pradesh,Mirzapur,7373.118048635824,-68880.0,2373.890990510083,185150.0
Uttar Pradesh,Sambhal,6176.475485362095,-71754.0,2224.7318233179253,184808.0
Odisha,Cuttack,2596.1979824413306,-60954.0,473.20529799088297,183844.0
Maharashtra,Washim,9645.283335907336,-41107.0,1999.8793127413128,183529.0
Bihar,Aurangabad,4392.313756926487,-42547.0,1455.3699408939785,183059.0
Jharkhand,West Singhbhum,7216.255581649372,-53942.0,1324.0924849808846,182416.0
Punjab,Jalandhar,2638.513909444163,-46704.0,473.2017080587937,182280.0
Uttar Pradesh,Basti,4385.559186390532,-62716.0,1295.305096153846,181402.0
Gujarat,Kachchh,2775.141676646707,-60348.0,621.433631308811,179477.0
Madhya Pradesh,Damoh,11953.346326699833,-69208.0,2110.888474295191,179074.0
Maharashtra,Ratnagiri,2345.0628582603254,-53004.0,476.9602096370463,178122.0
Maharashtra,Gadchiroli,9326.858677285318,-35544.0,1832.8198060941827,177883.0
Madhya Pradesh,Guna,8213.93753896104,-72414.0,1465.4728311688314,177331.0
West Bengal,Kolkata,1696.4547270742357,-21236.0,708.2981209061135,177104.0
Bihar,Banka,4320.8881536133185,-42991.0,1277.6569958380628,176074.0
Uttar Pradesh,Jhansi,5343.231569664903,-62403.0,1567.3816754850088,176040.0
Tamil Nadu,Thoothukkudi,1865.7820185974429,-63077.0,279.6176572387963,174377.0
Tamil Nadu,Pudukkottai,2516.932687323944,-45275.0,458.76956431924884,173456.0
Uttar Pradesh,Balrampur,6902.623526501766,-60952.0,2387.6889045936396,172190.0
Punjab,Gurdaspur,4041.332618306351,-35342.0,962.0957347447073,171628.0
Telangana,Medak,1870.6059372223867,-57387.0,358.43234675747703,171558.0
Kerala,Kollam,1556.1625811163276,-45545.0,317.8268429838289,171490.0
Uttar Pradesh,Sultanpur,3265.7839563262687,-53876.0,1073.5876461143225,170987.0
Telangana,Nizamabad,2735.1134652613464,-54801.0,656.5067519896752,170958.0
Tamil Nadu,Krishnagiri,3712.0227380615993,-67141.0,857.507564283696,170698.0
Madhya Pradesh,Vidisha,9187.524604927783,-58675.0,1744.6419201359388,169588.0
Kerala,Kannur,1619.0605998375681,-44487.0,369.3616057547279,168445.0
Uttar Pradesh,Chandauli,5421.988327850878,-56277.0,1898.5013870614034,166833.0
Tamil Nadu,Virudhunagar,2372.5526074972436,-52339.0,508.91549062844547,165894.0
Rajasthan,Banswara,6326.320778341794,-47913.0,2652.855160744501,165783.0
Bihar,Nawada,4219.216535532995,-34859.0,1323.9048434856174,165352.0
Uttar Pradesh,Amroha,8026.977112299464,-57900.0,2931.6189763178,165272.0
Karnataka,Belgaum,1505.6032905471554,-37983.0,345.3413434134668,165252.0
Jharkhand,Bokaro,3807.621981104222,-41629.0,1107.1475583111899,165116.0
Madhya Pradesh,Sidhi,13117.80752341311,-71132.0,2139.59087408949,164881.0
Haryana,Hisar,6911.378354357798,-47407.0,1752.4564506880733,164658.0
Rajasthan,Kota,4298.098217890706,-41115.0,1622.17084928646,164313.0
Chhattisgarh,Surguja,10390.65983435048,-25922.0,4651.789886660855,163342.0
Uttar Pradesh,Sonbhadra,6158.2808523908525,-68086.0,1718.2523596673598,163272.0
Haryana,Gurgaon,4176.73582032737,-29046.0,2026.1834982870193,162535.0
Gujarat,Kheda,2680.494012779553,-43233.0,574.4983791267306,162454.0
Uttar Pradesh,Mau,4688.232485497546,-43387.0,1651.6200401606425,161829.0
Madhya Pradesh,Dewas,7226.7225684210525,-46901.0,1313.0544,161316.0
Uttar Pradesh,Shamli,9736.311922330096,-57901.0,2679.829718446602,161285.0
Uttar Pradesh,Kaushambi,7421.4872452565005,-68877.0,2285.303773717498,159747.0
Rajasthan,Dungarpur,4732.489369442199,-46908.0,2173.1478779304766,159605.0
Rajasthan,Jalor,4781.87682063882,-43038.0,1645.3404373464373,159518.0
Uttar Pradesh,Amethi,3249.1633950969212,-52873.0,1048.336961231471,159104.0
Chhattisgarh,Korba,7169.680550673696,-29084.0,2340.4175571177507,158009.0
Chhattisgarh,Bastar,9438.08679755672,-21477.0,3010.0276788830715,156669.0
Tamil Nadu,Namakkal,2437.455034207526,-40357.0,404.9966685670848,156393.0
Uttar Pradesh,Banda,7041.017991803278,-52455.0,2336.540581967213,156280.0
Rajasthan,Jhunjhunun,2596.6364756828784,-41865.0,588.8330113257828,155977.0
Madhya Pradesh,Singrauli,10861.780906593407,-69884.0,2069.756584249084,154836.0
Madhya Pradesh,Shajapur,6341.038980730223,-56470.0,690.6831186612577,154821.0
Tamil Nadu,Villupuram,1557.1005673581606,-77094.0,215.2306385903524,154401.0
Rajasthan,Hanumangarh,6602.577709880069,-38552.0,2280.586818960594,153906.0
Karnataka,Raichur,3691.985689300411,-45548.0,678.0682956104253,153529.0
Uttar Pradesh,Faizabad,3026.9179284934494,-59893.0,886.6436981441047,153277.0
Madhya Pradesh,Raisen,6606.4716016548455,-60434.0,1012.3775768321514,152792.0
Rajasthan,Ganganagar,4352.632584650113,-40797.0,1277.2608577878104,152778.0
Chhattisgarh,Bemetara,13496.157473928159,-30633.0,3079.942410196987,152455.0
Uttar Pradesh,Ambedkar Nagar,3340.592420106525,-48189.0,1104.0893475366179,151802.0
Assam,Barpeta,3758.2755228005526,-53718.0,1112.6730677107323,151765.0
Gujarat,Dahod,5988.0762261580385,-54557.0,994.3099863760218,150838.0
Uttar Pradesh,Sant Kabir Nagar,5882.683668197474,-49536.0,1861.6651549942596,150467.0
Gujarat,Anand,2136.868258797654,-44836.0,391.09836693548385,149211.0
Madhya Pradesh,Katni,6719.185180467091,-44143.0,1500.3818117480537,148883.0
Maharashtra,Wardha,6780.500023323614,-38609.0,927.4653644314869,148686.0
Rajasthan,Dausa,4235.182893081761,-50994.0,1016.8856249999999,148346.0
Maharashtra,Gondia,7997.410860557769,-32009.0,2211.4866294820717,147903.0
Odisha,Kendujhar,2976.861846768156,-42136.0,693.6765834789119,147345.0
West Bengal,Cooch Behar,2093.816325886991,-12478.0,1098.50464651774,147074.0
Uttar Pradesh,Etah,5204.595064683052,-55798.0,1671.5497930142303,145579.0
Jharkhand,Garhwa,9649.551655629139,-36389.0,1767.8356575212867,144691.0
Rajasthan,Jhalawar,5630.542783505154,-37163.0,2423.230303550974,144075.0
Madhya Pradesh,Sehore,6387.467682003495,-49163.0,722.2354688410018,143517.0
Gujarat,Mahesana,2502.140173035328,-37231.0,565.0628358567652,141400.0
Odisha,Baleswar,2370.28652757079,-54274.0,439.54924206940603,141239.0
Madhya Pradesh,Seoni,6999.907762237763,-39689.0,2119.539529561348,140624.0
Odisha,Koraput,3735.0264457417584,-43562.0,649.5133241758242,140373.0
Rajasthan,Baran,6893.7691027496385,-35451.0,2836.73515195369,140069.0
Tamil Nadu,Dharmapuri,3335.7020727040813,-60607.0,586.113912627551,139722.0
Bihar,Jamui,6724.085774424147,-39751.0,1923.5015806195395,139475.0
Haryana,Sirsa,8029.348005886681,-36735.0,2163.3955776306107,139173.0
Madhya Pradesh,Bhind,3545.283954198473,-42182.0,1117.2657557251907,138698.0
Madhya Pradesh,Panna,8271.812933450086,-46295.0,1585.3103940455342,137951.0
Rajasthan,Dholpur,6950.453007103394,-41388.0,3022.746716653512,137607.0
Odisha,Balangir,3761.048651196519,-43163.0,710.4490862944162,137327.0
Madhya Pradesh,Mandsaur,5965.455640738668,-39043.0,1291.8000447677673,137208.0
Uttar Pradesh,Mainpuri,4043.5715483539093,-41606.0,1509.6379012345678,136506.0
Gujarat,Junagadh,2448.269986740331,-28693.0,442.8250674033149,136173.0
Uttar Pradesh,Farrukhabad,4123.352975243148,-50868.0,1436.2655702917773,135876.0
Madhya Pradesh,Shahdol,6879.531138581652,-40294.0,1603.4564541314248,135683.0
Uttar Pradesh,Kanpur Dehat,4399.964210526316,-48992.0,1545.5658097165992,135290.0
Bihar,Kaimur (Bhabua),7193.098602344454,-33717.0,2038.0339945897206,135201.0
Madhya Pradesh,Jhabua,7100.813167701863,-43610.0,1854.8410869565216,134813.0
Gujarat,Panchmahals,3653.2592889390517,-33566.0,618.9662076749436,134656.0
Odisha,Kalahandi,4195.39820804551,-38801.0,901.0348638764729,134414.0
Andhra Pradesh,Hyderabad,2084.8850373634796,-18872.0,338.3510883310979,133855.0
Odisha,Bhadrak,2802.0178651987108,-48426.0,537.6580531686359,133668.0
Chandigarh,Chandigarh,5449.745226179019,-46308.0,1912.8718286814246,133524.0
Uttar Pradesh,Hathras,5166.442766081872,-55463.0,1597.0354736842105,132371.0
Uttar Pradesh,Etawah,5169.123607918264,-46537.0,1503.3458939974457,131175.0
Jharkhand,Hazaribagh,4071.5061554710605,-33734.0,1430.14192226447,131134.0
Gujarat,Surendra Nagar,3279.540196656834,-39410.0,651.4486692887577,130970.0
Tamil Nadu,Ramanathapuram,2084.62272033575,-40620.0,391.90603967951165,130879.0
Haryana,Karnal,6966.36950515464,-28160.0,1596.1035738831617,130852.0
Karnataka,Dharwad,2980.108701990468,-36102.0,672.5517017101205,130850.0
Maharashtra,Bhandara,5571.399796769151,-29331.0,1089.9792756644085,130826.0
Jharkhand,Gumla,5214.468604516503,-28876.0,1257.4305848291835,130812.0
Rajasthan,Karauli,3588.5158229426434,-43449.0,1122.0044846217788,130606.0
Chhattisgarh,Mungeli,14221.407791044778,-24199.0,5337.332805970149,130565.0
Haryana,Sonipat,4777.73805130735,-29556.0,1319.1548791317218,130324.0
Assam,Dhubri,3640.4796364541835,-30839.0,1589.1455179282868,129974.0
Punjab,Bathinda,5447.284875066453,-39712.0,1131.3718819776714,129650.0
Jharkhand,Godda,7729.268976582828,-40687.0,2169.742914137034,129230.0
Haryana,Yamuna Nagar,7504.422935435435,-29607.0,2014.216981981982,129185.0
Punjab,Hoshiarpur,2099.6053839422448,-30093.0,432.0052176766572,128832.0
Odisha,Sundergarh,2185.1058451406907,-43754.0,448.6670305328278,128698.0
Rajasthan,Tonk,5517.120450097847,-36945.0,1795.2499478147422,127455.0
Gujarat,Sabarkantha,2485.466698066435,-33196.0,546.4104090233019,127259.0
Jammu And Kashmir,Jammu,2533.195155566984,-40577.0,475.4660426844947,127028.0
Karnataka,Bagalkot,2718.5111180300028,-33519.0,616.1816982734221,126914.0
Haryana,Panipat,5971.368041152264,-25383.0,1779.0513004115228,126839.0
Odisha,Nabarangapur,6114.71395044735,-40530.0,1143.5864487267722,126810.0
Karnataka,Belagavi,1145.634055161719,-45328.0,283.55352459016393,126723.0
Odisha,Khorda,1975.9562880733945,-43963.0,385.93080366972475,126651.0
Tripura,West Tripura,3636.0857958061188,-33231.0,811.4282846338948,126317.0
Gujarat,Valsad,2888.8830771714565,-33514.0,694.9016693574428,126050.0
Jharkhand,Dumka,4779.099720386375,-33397.0,1509.6260650737165,125857.0
Chhattisgarh,Jashpur,7299.31400147929,-26920.0,2657.35424556213,125755.0
Uttar Pradesh,Jalaun,4497.962294647588,-43172.0,1441.4373131955485,125725.0
Gujarat,Gandhinagar,2425.856176639816,-29390.0,671.1726956271576,125616.0
Haryana,Jind,8768.64639481001,-30473.0,2075.0144022242816,125285.0
Karnataka,Dakshina Kannada,1237.4574710843374,-32546.0,350.74920843373496,124521.0
Assam,Cachar,1386.270078269825,-29459.0,520.754113285273,124417.0
Uttar Pradesh,Kannauj,4884.990251046025,-45762.0,1582.8659055588764,124260.0
Tamil Nadu,Sivaganga,1602.09976984127,-38149.0,289.3174603174603,124063.0
Chhattisgarh,Dhamtari,7817.92086038961,-23774.0,1958.756112012987,124023.0
Chhattisgarh,Balod,9820.015960784312,-24186.0,2982.6569705882353,122782.0
Gujarat,Jamnagar,2150.8387045400523,-35346.0,577.6392631328738,122702.0
Haryana,Bhiwani,4143.632829875518,-33719.0,718.854020746888,122487.0
Jharkhand,Deoghar,5211.945590101523,-28137.0,1954.4941941624365,121418.0
Jharkhand,Sahebganj,7152.282312286689,-32799.0,2511.993105802048,121300.0
Rajasthan,Sawai Madhopur,3288.8216726261426,-37780.0,901.909809296782,120467.0
Uttar Pradesh,Kasganj,6178.536249008724,-46690.0,1844.8895083267248,120307.0
Delhi,North Delhi,22555.979515738498,-22127.0,9843.246682808716,118933.0
Haryana,Mewat,11295.860838815788,-30666.0,4126.184720394737,118868.0
Karnataka,Davangere,2577.8542853368563,-35050.0,442.7493896961691,118760.0
Tamil Nadu,Theni,3275.8256174334138,-34749.0,654.9043756485645,118149.0
Kerala,Alappuzha,1120.3993983757214,-31511.0,235.76003419534086,118069.0
Himachal Pradesh,Kangra,1193.8349548693586,-39257.0,230.07584560570072,117504.0
Bihar,Buxar,3170.9279968701094,-21941.0,1218.8574765258215,117045.0
Rajasthan,Chittorgarh,2929.0778865979382,-31346.0,1251.77464604811,116083.0
Tamil Nadu,Viluppuram,1229.4842675654654,-17482.0,260.12291807103963,115914.0
Karnataka,Haveri,3504.1729455353834,-30210.0,927.9676028158577,115738.0
Gujarat,Bharuch,2453.5441977715877,-34130.0,608.365348189415,114403.0
Karnataka,Bidar,3535.5621974390747,-34031.0,778.377199504337,114229.0
Telangana,Warangal,1590.5666837240015,-49983.0,236.65278804886103,114068.0
West Bengal,Dakshin Dinajpur,2986.11230904302,-15828.0,1400.262936786655,114011.0
Odisha,Bargarh,3369.124368290669,-36822.0,652.4846531791908,113311.0
Telangana,Adilabad,2150.0620100864558,-40536.0,493.408676753122,112917.0
Uttar Pradesh,Lalitpur,6714.840109289617,-40962.0,1586.1911293260475,112091.0
Tamil Nadu,Nagapattinam,1237.2116608504587,-31002.0,282.13008659687216,112090.0
Jharkhand,Chatra,9769.83601369863,-28509.0,3000.5406575342467,111656.0
Rajasthan,Sirohi,3246.921306032097,-29477.0,1059.5281959048145,111279.0
Odisha,Kendrapara,2376.9253726541556,-35690.0,534.3722064343164,111255.0
Madhya Pradesh,Hoshangabad,5526.597641891892,-39372.0,316.73050675675677,110611.0
Uttar Pradesh,Sant Ravidas Nagar,5360.503958944282,-42056.0,1531.2024340175954,109058.0
Madhya Pradesh,Ashok Nagar,9638.901144343303,-40704.0,2447.7879063719115,108696.0
Haryana,Kaithal,7776.828552253116,-30980.0,1604.1250814956854,108339.0
Madhya Pradesh,Mandla,5845.1753866846,-29840.0,1852.1351647612644,107942.0
Jharkhand,Seraikela-Kharsawan,5264.001600537996,-28618.0,959.7902555480835,107257.0
Manipur,Imphal West,6181.462928,-34540.0,2142.856432,106536.0
Punjab,Sangrur,4899.600551407238,-34215.0,912.8132337736934,106408.0
Uttar Pradesh,Shrawasti,5188.394235116805,-33303.0,2101.8049811605124,105474.0
Haryana,Palwal,11848.78915562914,-25604.0,4621.93988410596,105163.0
Karnataka,Kalaburagi,2359.049076147817,-40461.0,563.056794512878,105162.0
Uttar Pradesh,Auraiya,4745.931533209187,-40680.0,1460.3499068901306,105026.0
Telangana,Khammam,1718.2500819318673,-39852.0,533.0849137559293,104853.0
Gujarat,Patan,2844.54711509716,-28473.0,655.7543946188341,104849.0
Rajasthan,Rajsamand,2942.5728430254658,-30344.0,1096.033968072976,104546.0
Jammu And Kashmir,Srinagar,3239.2441527153937,-28601.0,841.4481135157207,104089.0
Uttarakhand,Nainital,3783.8835508021393,-33125.0,985.1163475935829,104033.0
Odisha,Puri,2596.0081218112246,-33403.0,530.9144483418368,103638.0
Kerala,Kottayam,962.0193623639192,-27753.0,190.98827475375842,103295.0
Punjab,Tarn Taran,3271.3459221392054,-23666.0,512.1657923712152,103239.0
Punjab,Sas Nagar (Mohali),3548.517065767285,-27932.0,1359.3773903878582,103103.0
Chhattisgarh,Surajpur,7249.674730964467,-20925.0,1861.8467817258884,102895.0
Tamil Nadu,Thiruvarur,1330.1264041790116,-31270.0,305.6609932948698,102759.0
Manipur,Imphal East,6755.0120552995395,-35044.0,2200.3395576036864,102667.0
Manipur,Thoubal,9405.893648468707,-31634.0,3365.7591611185085,102461.0
Chhattisgarh,Kawardha,18064.63095,-20635.0,6441.968625,102122.0
Uttar Pradesh,Baghpat,3574.6836498516323,-33601.0,1095.2095014836796,102025.0
Odisha,Dhenkanal,3860.833558194774,-34489.0,648.1669073634205,101762.0
Chhattisgarh,Balrampur,8398.905831024931,-14737.0,3559.0777423822715,101303.0
Karnataka,Kolar,3003.844385107183,-27300.0,850.6769650244452,101255.0
Rajasthan,Bundi,4341.597793939394,-28998.0,1470.1021696969697,101173.0
Uttar Pradesh,Chitrakoot,8430.460616174583,-38975.0,2305.1024646983315,101066.0
Haryana,Ambala,4209.325703991131,-23054.0,885.9415631929047,100043.0
Haryana,Rohtak,4697.951965428937,-22094.0,837.8062676056337,99894.0
Tamil Nadu,Kanniyakumari,1523.438556914069,-24330.0,378.5576270018943,99602.0
Karnataka,Chitradurga,2333.2587591028255,-25351.0,703.7860617535682,99369.0
Telangana,Medchal-Malkajgiri,2819.4511106719365,-10233.0,1587.5676126482213,99240.0
Haryana,Fatehabad,7276.106388115135,-26506.0,1918.0976137418754,99093.0
Karnataka,Mandya,2158.219003445534,-27673.0,570.5691969255234,97864.0
Karnataka,Yadgir,3157.6138169014084,-27673.0,632.2655492957747,96766.0
Bihar,Munger,5465.526854034451,-18624.0,2009.8908522212148,96410.0
Tamil Nadu,Ariyalur,3177.2556463367855,-28773.0,439.55995013425394,96345.0
Chhattisgarh,Kondagaon,10791.116215022092,-14299.0,4106.192002945509,96338.0
Madhya Pradesh,Burhanpur,5086.084801670147,-26778.0,968.0436743215031,95828.0
Karnataka,Koppal,3042.4055541401276,-26697.0,801.14783014862,95774.0
Kerala,Kasaragod,2786.9157692307695,-33060.0,496.84581277213357,95697.0
Rajasthan,Pratapgarh,5161.440820783133,-30057.0,1929.4106626506023,95438.0
Madhya Pradesh,Dindori,9793.191127272727,-30576.0,2669.132533333333,94886.0
Uttar Pradesh,Hapur,4812.520418743769,-33704.0,1423.6099002991027,94831.0
Madhya Pradesh,Anuppur,5922.438600917431,-28782.0,1036.968134556575,93783.0
Gujarat,Amreli,2324.977213375796,-30152.0,484.7448949044586,93457.0
Karnataka,Bellary,1959.2175509670674,-25168.0,370.67998170412966,93053.0
Haryana,Kurukshetra,6238.480587219344,-20503.0,1222.0727979274611,91343.0
Uttar Pradesh,Hamirpur,4519.750903316867,-34146.0,1416.3103952011293,90780.0
Bihar,Lakhisarai,5389.225194672131,-19303.0,1743.6819467213115,90295.0
Madhya Pradesh,Neemuch,5236.4824316109425,-30114.0,1461.4121960486323,90168.0
Madhya Pradesh,Sheopur,10789.14298,-28705.0,3066.89662,90078.0
Jammu And Kashmir,Baramula,4354.902741286863,-24337.0,1051.7796514745307,89745.0
Delhi,Central Delhi,6860.186783754117,-20503.0,2455.797069154775,89449.0
Odisha,Angul,2757.283649722002,-29083.0,576.2311517077045,88741.0
Assam,Kamrup,1098.0520432946146,-19952.0,465.0433922914467,88553.0
Punjab,Fazilka,6802.099331395349,-27604.0,1724.8633042635659,87464.0
Odisha,Rayagada,3930.399307105108,-26818.0,855.7959483264826,87303.0
Madhya Pradesh,Narsinghpur,4047.856276803119,-33281.0,754.0704873294347,86862.0
Maharashtra,Mumbai City,2285.000951283739,-25267.0,902.2914516129033,86842.0
West Bengal,Darjeeling,1173.855331010453,-9697.0,567.9133142037302,86512.0
Karnataka,Tumkur,1437.032488837119,-17219.0,279.7526169675791,86491.0
Karnataka,Gulbarga,1795.5266081404627,-17281.0,311.9525804735302,85993.0
Chhattisgarh,Koriya,5076.236228269086,-16959.0,1297.5862055933485,85659.0
Karnataka,Mysuru,1260.8312166064982,-28110.0,347.58930866425993,85141.0
Madhya Pradesh,Alirajpur,5745.726561210454,-29800.0,1190.5058734525446,84550.0
Odisha,Kandhamal,2983.0571786833852,-25631.0,632.6706717420511,84204.0
Jharkhand,Simdega,9385.942474964235,-18806.0,1646.3610586552215,83540.0
Karnataka,Vijayapura,1591.7529867533117,-30578.0,322.3644438890277,82723.0
Haryana,Jhajjar,3693.0591267605637,-21921.0,955.6327267605634,82639.0
Karnataka,Bijapur,1638.8092322981367,-17033.0,368.91836770186336,81977.0
Odisha,Jajapur,1826.6054526091586,-25625.0,360.03338924387646,81613.0
Jammu And Kashmir,Kupwara,9139.712886597938,-21886.0,2782.6315463917526,81277.0
Tamil Nadu,Karur,1920.308851660067,-23812.0,405.54764240024366,81220.0
Odisha,Nayagarh,2867.3302807775376,-27818.0,508.16719654427646,81201.0
Madhya Pradesh,Datia,5532.414966139955,-23147.0,1613.8542550790069,80759.0
Haryana,Rewari,4220.3103331067305,-22254.0,1298.2397484704281,80393.0
Tripura,South Tripura,3698.1747723440135,-20918.0,877.3175210792581,79977.0
Assam,Karimganj,1512.7662745885186,-13974.0,654.6806704134885,79388.0
Punjab,Moga,3288.5774718826406,-21468.0,593.7137946210269,78626.0
Odisha,Sambalpur,2574.7962302576893,-24027.0,671.0141853699085,78431.0
Jharkhand,Latehar,6315.704394765539,-20254.0,2237.1653544165756,77824.0
Karnataka,Hassan,1575.342371085472,-24265.0,492.78770190722867,77105.0
Kerala,Pathanamthitta,855.3882759456839,-18355.0,160.83252546071773,76828.0
Andhra Pradesh,Warangal,1310.0341962305988,-12454.0,388.7931134515891,76748.0
Himachal Pradesh,Mandi,1303.3018149606298,-25222.0,178.02847244094488,76555.0
Punjab,Ferozepur,4309.109203423304,-23003.0,1018.8109874917708,76463.0
Uttarakhand,Tehri Garhwal,2621.8700272479564,-23885.0,541.4340962761125,76411.0
Odisha,Gajapati,4020.07727032386,-27692.0,685.164606741573,76095.0
Jharkhand,Pakur,6704.139958960328,-17055.0,2945.2906566347474,76071.0
Assam,Marigaon,2643.460636430139,-12219.0,1270.6056181419165,76067.0
Uttar Pradesh,Mahoba,5297.640187304891,-28571.0,1570.5844745057232,75486.0
Jammu And Kashmir,Anantnag,3966.8007322325916,-23216.0,1180.145728643216,75477.0
Bihar,Jehanabad,2411.6766933466733,-14372.0,882.7521260630315,75217.0
Madhya Pradesh,Khandwa,3605.995365526492,-32696.0,398.25805499664654,75026.0
Punjab,Mansa,6201.450909980431,-20932.0,1116.600978473581,74714.0
Chhattisgarh,Kanker,4764.440148786218,-17114.0,1226.1303602192638,74522.0
Andhra Pradesh,Adilabad,1659.5042276422764,-10672.0,456.28373983739834,74060.0
Karnataka,Mysore,1176.2734856272607,-14749.0,231.58995050447365,73071.0
Karnataka,Bangalore Rural,3466.149869240349,-16389.0,1377.1412702366126,72698.0
Haryana,Mahendragarh,6743.04006329114,-17275.0,1894.8224430379746,72657.0
Andhra Pradesh,Rangareddy,1311.184960466084,-11555.0,250.60004161464838,72343.0
Punjab,Sri Muktsar Sahib,4436.35981294964,-23885.0,806.1667697841727,71937.0
Chhattisgarh,Gariyaband,3247.5265297860037,-14699.0,770.6976171197224,71645.0
Karnataka,Chikkaballapur,2829.8253731343284,-18216.0,899.4162068965517,70302.0
Jharkhand,Jamtara,7999.512864321608,-14569.0,2655.9866834170857,70264.0
West Bengal,Koch Bihar,1347.28879831114,-511.0,1001.4830139655733,69766.0
Maharashtra,Sindhudurg,1398.1676645876646,-19542.0,400.01151074151073,69695.0
Karnataka,Gadag,2474.9853232656915,-18772.0,567.3420622935347,69440.0
Assam,Karbi Anglong,1925.3248676957,-21068.0,708.3170562293274,69435.0
Tamil Nadu,Perambalur,2472.0158925476603,-22458.0,311.5201993067591,69224.0
Jammu And Kashmir,Rajouri,4169.107405012126,-27026.0,566.9827809215844,68780.0
Assam,Sonitpur,1137.6416726174127,-11381.0,514.942378467454,68734.0
Gujarat,Navsari,1663.885216182829,-21269.0,433.6812445954293,68703.0
Karnataka,Uttara Kannada,960.5336524941413,-20035.0,276.47694509541344,68701.0
Karnataka,Ramanagar,3192.5135752212386,-17201.0,1076.8558761061947,68320.0
Punjab,Kapurthala,2145.3457323600974,-15910.0,332.30245255474455,67435.0
Odisha,Malkangiri,5182.740873983739,-24457.0,1000.1471239837399,67130.0
Karnataka,Tumakuru,1143.3679700138096,-23477.0,306.99397908857765,66980.0
Jharkhand,Ramgarh,2440.24204588015,-15211.0,909.8641573033708,66549.0
Madhya Pradesh,Umaria,6026.049678284182,-15176.0,1897.9610053619301,65848.0
Assam,Goalpara,2377.6511467522055,-9498.0,1209.7252927024858,65359.0
Andhra Pradesh,Khammam,1281.1396875,-14136.0,406.29097222222225,65003.0
Bihar,Sheikhpura,5331.5384149484535,-15281.0,1298.4880541237112,64738.0
Assam,Bongaigaon,3289.7210578512395,-21520.0,1229.9170661157025,64431.0
Jammu And Kashmir,Punch,10929.809511002444,-22947.0,2645.792371638142,64129.0
Manipur,Bishnupur,10659.158160237388,-18921.0,4310.119465875371,64074.0
Rajasthan,Jaisalmer,3800.0001236603466,-23171.0,899.3413685078319,62798.0
Odisha,Jagatsinghapur,1913.0708801861185,-22757.0,326.8608918185343,62713.0
Haryana,Panchkula,3313.6918907305094,-16725.0,1091.6297483118478,62557.0
Telangana,Vikarabad,2207.390279642058,-5577.0,1368.51379753915,62373.0
Odisha,Nuapada,6340.813684210526,-21036.0,1078.2058605974396,62269.0
Meghalaya,East Khasi Hills,678.2699875,-4591.0,318.13222916666666,62097.0
Jharkhand,Khunti,5056.151109785203,-13700.0,1280.6770644391406,62039.0
Assam,Lakhimpur,1999.2969019362897,-11848.0,905.4856839475328,62014.0
Kerala,Idukki,1249.9439931428572,-17954.0,213.24856457142857,61078.0
Uttarakhand,Pauri Garhwal,1323.5823783783783,-21666.0,324.4564108108108,60391.0
Bihar,Sheohar,6535.529324546952,-10911.0,2073.157495881384,60316.0
Meghalaya,West Garo Hills,1805.611782051282,-3616.0,805.3914487179487,60273.0
Tripura,North Tripura,2972.0828831473873,-21679.0,511.07531415149737,59529.0
Jammu And Kashmir,Udhampur,2865.3595197044338,-19380.0,511.1428140394089,58909.0
Karnataka,Udupi,847.8501066391468,-16363.0,266.8198331613347,58665.0
Jharkhand,Koderma,5626.884491844417,-15670.0,1534.474416562108,58517.0
Delhi,North East,15071.616885245903,-1080.0,1952.3167540983607,57751.0
Madhya Pradesh,Harda,8696.44687128713,-18501.0,933.6958415841584,57592.0
Karnataka,Ballari,1420.628780271707,-22519.0,354.3287507383343,56952.0
Jammu And Kashmir,Kathua,2737.3013831775697,-19876.0,651.6327102803739,56942.0
Telangana,Suryapet,2333.2361426844013,-6920.0,1247.6580169286578,56854.0
Punjab,Rupnagar,2513.6160550458717,-16081.0,387.7573343527013,56247.0
Tamil Nadu,The Nilgiris,1254.7812913907285,-20747.0,199.66021905247072,56227.0
Jharkhand,Lohardaga,4882.979090909091,-11873.0,1279.6014825174825,56112.0
Bihar,Arwal,3295.4924331550806,-11023.0,1070.4421568627452,55581.0
Andhra Pradesh,Nalgonda,1050.4568671089237,-4499.0,405.51395249304517,54985.0
Telangana,Sangareddy,1384.3122271336279,-11220.0,662.2240326419585,54415.0
Assam,Darrang,1984.6290949554896,-11367.0,749.5567433234421,54048.0
Odisha,Jajpur,1324.6486848271823,-18770.0,310.87194786174575,53770.0
Assam,Dibrugarh,1311.1953327571305,-10715.0,591.6187554019015,53669.0
Maharashtra,Buldana,1955.850860838537,-2145.0,628.967997323818,53493.0
Assam,Hojai,2435.1188041237115,-9473.0,833.7102680412371,53351.0
Karnataka,Shivamogga,1127.0749815316424,-19350.0,311.53367643437576,53294.0
Assam,Tinsukia,1236.4063481089875,-8004.0,690.9426311508743,53034.0
Gujarat,Morbi,2071.7961458333334,-15684.0,533.83346875,52879.0
Assam,Golaghat,1338.06208815427,-6204.0,780.1741652892563,52739.0
Goa,North Goa,1189.7593578456758,-16623.0,293.68420766442256,52690.0
Himachal Pradesh,Shimla,1024.0565588038385,-17580.0,207.24332961392545,52485.0
Gujarat,Narmada,3925.1976211453743,-14092.0,661.0021938325991,51545.0
Gujarat,Gir Somnath,2038.8681148075668,-19131.0,343.44893672537506,51410.0
Gujarat,Tapi,2163.663590673575,-14586.0,300.1902590673575,51232.0
Madhya Pradesh,East Nimar,2409.1893222506396,-7900.0,291.844226342711,51189.0
Kerala,Wayanad,2419.149965437788,-11143.0,528.3342165898617,51071.0
Assam,Kamrup Metro,934.0350507393448,-11532.0,374.16080603073357,50977.0
Chhattisgarh,Kabeerdham,10620.510828729282,-15176.0,3470.554060773481,50950.0
Punjab,Faridkot,5238.317487623763,-13919.0,1007.0296658415841,50775.0
Jammu And Kashmir,Pulwama,3592.2817002881843,-17908.0,1109.3031988472621,50432.0
Himachal Pradesh,Chamba,1920.8941520190024,-14059.0,472.35896912114015,50172.0
Tripura,Dhalai,3929.91546875,-20071.0,870.831220703125,49747.0
Telangana,Bhadradri Kothagudem,1557.6574498286832,-8708.0,724.2944591287323,49587.0
Assam,Kokrajhar,2067.279555264879,-15446.0,662.8317396991498,49233.0
Bihar,Begusarai,8936.607275064267,-11595.0,2438.4810796915167,48671.0
Jammu And Kashmir,Doda,2656.6540329218105,-15243.0,423.567646090535,48169.0
Mizoram,Aizawl,3034.692994960403,-25658.0,501.29940964722823,48026.0
Punjab,Fatehgarh Sahib,2672.4810497981157,-16091.0,485.9663795423957,47968.0
Himachal Pradesh,Sirmaur,2713.0965017421604,-13448.0,711.5387456445993,47287.0
West Bengal,East Midnapore,789.2762425732432,-5863.0,303.40116779348494,46990.0
Maharashtra,Raigad,969.2185148514851,-1477.0,586.6882538253825,46663.0
Tamil Nadu,Kanyakumari,768.8259466717822,-19176.0,209.3364358334932,46151.0
Punjab,Barnala,3708.2196498054473,-14988.0,695.7136673151751,45928.0
Gujarat,Chhotaudepur,1953.9098204936427,-16178.0,342.66387434554974,44891.0
Uttarakhand,Almora,1381.566245474294,-15104.0,319.1806842867488,44808.0
Telangana,Yadadri.,2331.859538572459,-5173.0,1477.4576496034608,44418.0
Gujarat,Porbandar,2386.82403712297,-12121.0,543.9906960556845,44393.0
Telangana,Siddipet,1176.8460648322653,-7688.0,644.240380701093,44311.0
Pondicherry,Puducherry,1582.0530638111888,-14728.0,449.472923951049,44271.0
Uttar Pradesh,Prayagraj,1104.0902525098875,-9102.0,499.82875874657736,43999.0
Goa,South Goa,1320.0148938356165,-14643.0,342.4717397260274,43765.0
Chhattisgarh,Bijapur,3110.234364261168,-6827.0,968.6885910652921,43351.0
Assam,Dhemaji,1783.563284100782,-8325.0,786.5620156385752,43307.0
West Bengal,West Midnapore,1008.3704496225795,-2708.0,487.43703642927466,43046.0
Manipur,Senapati,1761.5585759162302,-11605.0,620.4755811518326,42657.0
Karnataka,Chamrajanagar,1784.1479594017094,-13599.0,420.76883012820514,42294.0
Assam,Hailakandi,1543.2985021398003,-10055.0,535.3224251069901,42110.0
Uttarakhand,Pithoragarh,1648.3277674849467,-14055.0,382.1562251042149,41768.0
Chhattisgarh,Sukma,7095.556041131105,-12254.0,1337.813881748072,41412.0
Himachal Pradesh,Solan,1562.9530377444294,-14556.0,219.5219918144611,41034.0
Karnataka,Shimoga,829.8197488187018,-5258.0,222.57184282516786,40665.0
Andhra Pradesh,N. T. R,1241.3732360831657,-5817.0,720.3208249496982,40612.0
Chhattisgarh,Uttar Bastar Kanker,2695.375361867704,-5972.0,603.746326848249,40391.0
Assam,Udalguri,1181.8095538680589,-10038.0,454.6272899857617,40288.0
Assam,Chirang,2402.928837837838,-15497.0,585.8222432432432,39734.0
Telangana,Nirmal,2319.4655315471045,-4674.0,1280.0844425237683,39713.0
Himachal Pradesh,Una,1183.1833997901363,-13370.0,185.47438265127667,39346.0
Gujarat,Mahisagar,2096.6713479181367,-15695.0,279.31417784050814,38786.0
Odisha,Jharsuguda,1884.2050673696542,-11941.0,522.6483831282952,38527.0
Gujarat,Arvalli,1671.6642332361516,-16843.0,226.92290962099125,37891.0
Assam,Nalbari,959.9971153846154,-11346.0,364.6947913256956,37817.0
Punjab,Pathankot,2652.331819757366,-11792.0,638.9342461005199,37664.0
Uttarakhand,Chamoli,1521.837144177449,-12280.0,305.1704759704252,37294.0
Odisha,Sonapur,3257.74758254717,-13799.0,664.6361084905661,37118.0
Manipur,Churachandpur,1977.406391509434,-10015.0,728.9076768867924,37061.0
Jammu And Kashmir,Ramban,5356.2941458333335,-19742.0,697.1427500000001,37004.0
Telangana,Jogulamba Gadwal,2998.4509744779584,-4288.0,1581.136693735499,36772.0
Jammu And Kashmir,Budgam,4493.34436416185,-17262.0,1185.038034682081,36610.0
Dadra And Nagar Haveli And Daman And Diu,Dadra And Nagar Haveli,5260.279613402062,-9955.0,732.0564948453608,36422.0
Punjab,Shaheed Bhagat Singh Nagar,1335.164269005848,-12668.0,149.8945112781955,35563.0
Telangana,Kamareddy,1336.1375039999998,-5687.0,607.1765493333334,35330.0
Andhra Pradesh,Tirupati,814.4793329804129,-4639.0,484.9395420857597,35125.0
Odisha,Baleshwar,724.9049836065574,-5465.0,178.83572131147542,35026.0
Nagaland,Dimapur,2706.2915517241377,-8126.0,587.8175718390805,34816.0
Assam,Jorhat,762.3056319702602,-7238.0,364.5365873605948,34684.0
Jammu And Kashmir,Kulgam,7227.861304347826,-13278.0,1291.3435326086956,34437.0
Gujarat,The Dangs,5042.318801742919,-11584.0,613.378017429194,34228.0
Andhra Pradesh,Annamayya,973.259413273485,-4728.0,575.3622378967618,34084.0
Telangana,Mancherial,1524.8193839132914,-6044.0,835.4044780376498,34029.0
Uttarakhand,Champawat,3336.737100371747,-10646.0,893.96083023544,33873.0
West Bengal,Purba Bardhaman,552.2965042155048,-2659.0,283.2157042977586,33507.0
West Bengal,Bardhaman,467.8347440742013,-1600.0,250.64456372380624,33232.0
Assam,Baksa,1185.0006394009217,-9134.0,487.32704493087556,32875.0
Gujarat,Devbhumi Dwarka,1661.609716713881,-15711.0,244.98697592067987,32822.0
Karnataka,Vijayanagara,1237.812902338377,-3765.0,343.551989912884,32819.0
Andhra Pradesh,Medak,668.4258969372873,-4835.0,177.94343461351482,32680.0
Andhra Pradesh,Kakinada,1024.4306293706295,-6052.0,572.0827552447553,32632.0
Gujarat,Dohad,1096.3650973451329,2816.0,242.8603539823009,32596.0
Uttarakhand,Uttarkashi,2623.6549644670054,-12244.0,514.6715939086295,32578.0
Jammu And Kashmir,Bandipore,5034.074639830508,-9067.0,1418.9430720338983,32437.0
Odisha,Boudh,2163.39799821269,-10945.0,373.36405719392314,32316.0
Chhattisgarh,Dakshin Bastar Dantewada,3553.0485144429163,-6781.0,339.2571114167813,32136.0
Telangana,Komaram Bheem,2486.0798137369034,-3840.0,1424.7721071012807,32014.0
West Bengal,Maldah,975.60625,-2121.0,475.3280745614035,31769.0
Tripura,Sepahijala,3648.2367252396166,-12364.0,995.2835942492013,31617.0
Chhattisgarh,Narayanpur,21457.942844827587,-6229.0,5807.836465517242,31576.0
Telangana,Wanaparthy,1775.4764566929134,-3291.0,914.2446369203849,30941.0
Karnataka,Chickmagalur,804.8104847396769,-5637.0,183.42438061041292,30841.0
Pondicherry,Pondicherry,1217.0036167076166,-3968.0,176.21179852579854,30345.0
Jammu And Kashmir,Reasi,3132.7410901749663,-11061.0,493.80768506056523,30240.0
Andhra Pradesh,Nandyal,889.212378954164,-5243.0,475.1180664945126,30237.0
Odisha,Khordha,635.4677240228789,-2473.0,134.8973093422307,30121.0
Uttarakhand,Rudraprayag,2147.2307760141093,-10554.0,349.4040917107584,30119.0
Himachal Pradesh,Hamirpur,715.1592612710483,-9645.0,113.741463878327,29739.0
Telangana,Mahabubabad,1423.2247350069736,-4454.0,785.1550976290097,29583.0
Delhi,Shahdara,4376.091232227488,-1511.0,2533.6098578199053,29470.0
Andhra Pradesh,Alluri Sitharama Raju,993.5858054226476,-7112.0,305.2818620414673,29242.0
Meghalaya,West Khasi Hills,2499.663495575221,-898.0,1703.5138938053099,29167.0
Himachal Pradesh,Kullu,1115.3659055479138,-9939.0,237.17410362219164,29094.0
Telangana,Nagarkurnool,1205.9722918978912,-5787.0,554.9471309655938,29061.0
Andhra Pradesh,Y. S. R,777.7253390088173,-4282.0,459.08974764366064,28332.0
Andhra Pradesh,Palnadu,876.0050678886627,-5132.0,472.62040733197557,28255.0
Gujarat,Ahmadabad,557.9615493390716,3145.0,153.41069781739932,27878.0
Himachal Pradesh,Bilaspur,1102.0915291936979,-8391.0,172.43963392029656,27574.0
Karnataka,Kodagu,1103.0440894117646,-7103.0,322.5300094117647,27444.0
Uttarakhand,Bageshwar,1918.560938271605,-7113.0,325.0232427983539,27153.0
Andhra Pradesh,Sri Sathya Sai,709.6545327510917,-4684.0,352.86219796215426,27130.0
Madhya Pradesh,Agar Malwa,3337.3004835924007,-3534.0,895.9487910189982,26573.0
Manipur,Ukhrul,3507.6277684210527,-5911.0,1166.1373894736842,26083.0
Jammu And Kashmir,Kishtwar,6722.499207920792,-9652.0,850.6646204620462,25932.0
Jammu And Kashmir,Badgam,2343.030446998723,-2968.0,839.0462707535121,25693.0
Jharkhand,Purbi Singhbhum,1344.840475,-3147.0,179.7756125,25075.0
Telangana,Hanumakonda,908.0926408125576,-881.0,494.72707294552174,24983.0
Andhra Pradesh,Karimnagar,552.6323024556285,-3625.0,161.09732555312425,24922.0
Telangana,Jagitial,1022.4242825484765,-4867.0,463.0396454293629,24911.0
Gujarat,Botad,1435.6714209591476,-7949.0,311.1559857904085,24767.0
Karnataka,Chikkamagaluru,737.5301927119832,-8301.0,207.83198318149965,24118.0
Andhra Pradesh,Mahabub Nagar,474.99993579866464,257.0,198.95937596302005,24050.0
Tamil Nadu,Chengalpattu,652.3366456536164,-2956.0,421.1039449236895,23972.0
Punjab,Malerkotla,3458.284066543438,-4859.0,1244.1506099815156,23831.0
Assam,Sibsagar,670.5011853720051,-6479.0,276.2109667927701,23448.0
Odisha,Debagarh,3161.703273703041,-7532.0,683.2155635062612,23171.0
Karnataka,Bengaluru Urban,0.0,12111.0,0.0,23074.0
Meghalaya,West Jaintia Hills,1515.9663742690059,-1869.0,868.4046491228071,22976.0
West Bengal,Paschim Bardhaman,458.6766164727356,-2710.0,223.63385124344057,22928.0
Tripura,Gomati,2655.9799313186813,-11008.0,758.0626648351648,22721.0
Odisha,Sundargarh,633.5615191424197,-2683.0,156.00764165390507,22632.0
Bihar,Khagaria,7660.5956345177665,-4888.0,2592.28345177665,22560.0
Andhra Pradesh,Mahbubnagar,576.8916421356422,-2433.0,175.09956132756133,22401.0
Bihar,Supaul,3875.3038020833333,-5093.0,1233.9998697916667,22075.0
Jammu And Kashmir,Shupiyan,14323.395315315314,-8586.0,3076.0894594594592,21977.0
Mizoram,Lunglei,3254.2842016806726,-9686.0,769.2031260504201,21929.0
Assam,South Salmara Mankachar,3293.6821859296483,-1704.0,2418.760251256281,21839.0
Andhra Pradesh,Eluru,553.6894575145309,-3622.0,293.5805812344312,21649.0
Chhattisgarh,Mohla-Manpur-Ambagarh Chouki,5127.600217983651,-873.0,3246.87098092643,21530.0
Telangana,Warangal Rural,1005.670796460177,-2926.0,603.1517758112094,21327.0
Pondicherry,Karaikal,2203.161072847682,-5054.0,377.7006887417219,21173.0
Mizoram,Champhai,3411.7928018223233,-10816.0,467.20038724373575,21095.0
Telangana,Jangoan,997.5651169004676,-2845.0,569.0611088844355,20811.0
Jharkhand,Pashchimi Singhbhum,3032.153527131783,-3247.0,713.5208720930233,20794.0
Chhattisgarh,Dantewada,3203.366,-4457.0,172.78503703703703,20769.0
Telangana,Narayanpet,1109.5271969696971,-1804.0,592.3846043771044,20681.0
Haryana,Charkhi Dadri,1693.3407956777996,-2127.0,732.8003634577603,20675.0
Uttar Pradesh,Ayodhya,619.004531598513,-2507.0,340.0600780669145,20550.0
Jammu And Kashmir,Ganderbal,3313.972700421941,-6132.0,876.2424683544303,20203.0
Meghalaya,Ri Bhoi,886.4549681528662,-1467.0,589.3622133757962,19984.0
Tamil Nadu,Tirupattur,768.7623502722323,-7604.0,249.42716424682393,19885.0
Telangana,Warangal Urban,1110.1792847317743,-3908.0,538.5634731774416,19761.0
West Bengal,Alipurduar,669.1437513572205,-2153.0,314.1591205211726,19389.0
Maharashtra,Bid,1094.670136396267,-97.0,516.6451399856426,19302.0
Nagaland,Mon,2637.99956185567,-4554.0,435.5669072164948,19262.0
Tripura,Unakoti,2229.6942737430168,-10995.0,261.446312849162,18740.0
Tamil Nadu,Tenkasi,483.22304542546385,-6047.0,170.3552175303903,18532.0
Assam,Biswanath,1019.959203606311,-5265.0,423.36942900075127,18484.0
Andhra Pradesh,Dr. B. R. Ambedkar Konaseema,461.8668025871766,-3508.0,239.18681946006748,17900.0
Mizoram,Lawngtlai,2861.857605985037,-7649.0,421.8352867830424,17811.0
Telangana,Jayashankar Bhupalpally,1431.3366366704163,-1334.0,944.3273565804275,17761.0
Nagaland,Kohima,1638.1959971098265,-2633.0,223.41601156069365,17744.0
Andhra Pradesh,Parvathipuram Manyam,846.673642557652,-4544.0,272.2685115303983,17593.0
Bihar,Pashchim Champaran,242.1513870246085,5023.0,170.6934899328859,17509.0
Telangana,Rajanna Sircilla,1127.965295154185,-3358.0,483.64478414096914,17269.0
Karnataka,Hasan,426.8893470690656,-1206.0,159.6301305861869,17023.0
Assam,Charaideo,1351.6774853113984,-5225.0,593.9876850763808,16890.0
Maharashtra,Chhatrapati Sambhajinagar,534.0653571428571,-428.0,324.8131349206349,16833.0
Manipur,Tamenglong,1893.395372616984,-3653.0,696.2729289428075,16717.0
Punjab,Firozpur,989.1522565789473,-1571.0,283.0101842105263,16666.0
Andhra Pradesh,Anakapalli,595.6771500777604,-2929.0,306.82865863141524,16612.0
Odisha,Jagatsinghpur,654.5263550519359,-2157.0,147.57943342776204,16391.0
Manipur,Chandel,2031.0456366723258,-4319.0,696.088947368421,15848.0
Telangana,Mulugu,1208.7238080168775,-1575.0,660.2589135021096,15743.0
Andhra Pradesh,Bapatla,497.2041046551138,-3321.0,261.8977302072715,15731.0
Uttar Pradesh,Bhadohi,1158.5487380330721,-3293.0,569.350182767624,15306.0
Jammu And Kashmir,Samba,1640.0388699080158,-6102.0,362.94763469119584,15282.0
Andhra Pradesh,Nizamabad,548.8342632450332,-2833.0,127.70645281456953,15069.0
Bihar,Purbi Champaran,0.0,4000.0,0.0,14871.0
Meghalaya,South West Garo Hills,1752.2226666666668,21.0,1054.4408666666668,14841.0
Jharkhand,Hazaribag,1259.9367062634988,-1236.0,511.2190928725702,14797.0
Telangana,Peddapalli,863.5307944606413,-1775.0,419.4202040816327,14754.0
Madhya Pradesh,Narsimhapur,921.274684385382,-1633.0,191.78289867109635,14663.0
Gujarat,Banas Kantha,172.50237974683546,5932.0,72.50632911392405,14402.0
Tamil Nadu,Kallakurichi,524.9996187554776,-1622.0,283.4472655565294,14206.0
Mizoram,Kolasib,2736.571919831224,-7739.0,477.3051265822785,14087.0
Nagaland,Tuensang,1984.3669833729216,-2118.0,397.0842042755345,14013.0
Arunachal Pradesh,Changlang,1760.9206469500923,-4753.0,497.7087060998151,13350.0
Andaman And Nicobar Islands,South Andaman,1446.0008037825057,-6271.0,265.8195390070922,13268.0
Arunachal Pradesh,Papum Pare,1674.8525343511449,-4477.0,380.18796946564885,13124.0
Meghalaya,East Garo Hills,868.8948611111111,44.0,665.2021111111111,12974.0
Mizoram,Mamit,3278.147438016529,-8631.0,339.90966942148765,12422.0
Tripura,Khowai,2492.815137614679,-6701.0,476.96736238532105,12267.0
Madhya Pradesh,West Nimar,786.580780876494,-1913.0,85.97317131474104,11993.0
Punjab,Muktsar,1260.041144278607,-606.0,256.4600497512438,11834.0
Madhya Pradesh,Narmadapuram,978.0497709163346,-793.0,323.25165338645417,11807.0
Chhattisgarh,Sakti,1368.86500723589,-255.0,757.0705499276411,11799.0
West Bengal,Dinajpur Uttar,0.0,6478.0,0.0,11671.0
Nagaland,Phek,1862.3012918660286,-1257.0,201.01834928229664,10867.0
Meghalaya,East Jaintia Hills,1246.3418604651163,-1036.0,803.0746046511629,10803.0
Nagaland,Mokokchung,1494.256921641791,-1931.0,243.13298507462687,10659.0
Nagaland,Zunheboto,2007.6918059299192,-1293.0,347.70824797843665,10506.0
Maharashtra,Ahmed Nagar,433.9395278564684,-1292.0,185.2224268177526,10211.0
Sikkim,East,1109.6967557251908,-2197.0,432.47664122137405,10111.0
West Bengal,Jhargram,405.0664509394572,-983.0,196.3523434237996,10017.0
Odisha,Subarnapur,1222.2279117647058,-1557.0,333.06613235294117,9891.0
West Bengal,Purulia,464.0115291878173,-437.0,238.69388324873097,9843.0
Meghalaya,South West Khasi Hills,1237.2782545454545,-1086.0,707.1008363636364,9677.0
West Bengal,Darjiling,639.7238638638639,-7.0,417.4856356356357,9510.0
Mizoram,Serchhip,3089.8371578947367,-4734.0,483.80122807017545,9314.0
Karnataka,Davanagere,399.6617492416582,-358.0,104.3733265925177,9008.0
Delhi,New Delhi,1978.9121221864953,-1538.0,652.0150160771705,8807.0
Nagaland,Wokha,2945.4711274509805,-1842.0,421.2475,8635.0
Meghalaya,South Garo Hills,654.4401583113456,-12.0,504.8471503957784,8420.0
Dadra And Nagar Haveli And Daman And Diu,Daman,2728.220113207547,-2838.0,629.5911320754717,8324.0
Mizoram,Saiha,3061.6503000000002,-4093.0,558.69615,8030.0
Maharashtra,Mumbai( Sub Urban ),298.84270634231103,-92.0,108.8538922675934,7892.0
Assam,North Cachar Hills,856.6835018050541,-2205.0,354.7103068592058,7852.0
Arunachal Pradesh,West Kameng,1182.3114159292033,-2738.0,171.88201769911504,7767.0
Arunachal Pradesh,Namsai,2580.318352059925,-3308.0,492.54689138576776,7754.0
Jharkhand,Kodarma,1641.469481865285,-1046.0,461.60305699481864,7582.0
Andaman And Nicobar Islands,North And Middle Andaman,1499.2114838709676,-3461.0,230.0895698924731,7557.0
West Bengal,South Dinajpur,515.7874684772066,-184.0,337.72290979631424,7501.0
Chhattisgarh,Sarangarh-Bilaigarh,1087.14495543672,46.0,869.8039393939395,7329.0
Meghalaya,North Garo Hills,674.4861971830986,-346.0,486.8376056338028,7327.0
Nagaland,Peren,1258.5792996108949,-1234.0,328.8501167315175,7296.0
Tamil Nadu,Mayiladuthurai,286.72896412556054,-2861.0,96.11359192825113,7270.0
Arunachal Pradesh,West Siang,1707.669596273292,-3059.0,505.12822981366463,7114.0
Sikkim,East Sikkim,763.7818240620957,-2402.0,254.58601552393273,6929.0
Nagaland,Kiphire,3444.554298245614,-1416.0,875.3586842105263,6926.0
Maharashtra,Chatrapati Sambhaji Nagar,3392.921625,-299.0,1976.1649375000002,6916.0
Punjab,Nawanshahr,333.38063973063976,-6.0,118.89930976430976,6490.0
Assam,Majuli,1095.5584652278178,-1720.0,414.20956834532376,6388.0
Assam,West Karbi Anglong,534.9372817955112,-659.0,175.3879301745636,6224.0
Jharkhand,Palamau,1328.6090502793295,-269.0,701.6144134078212,6199.0
Chhattisgarh,Khairagarh Chhuikhadan Gandai,1522.6218343195267,46.0,1108.680621301775,6163.0
West Bengal,24 Paraganas North,0.0,3177.0,0.0,6147.0
Telangana,MedchalMalkajgiri,406.6815580736544,-2785.0,74.22820585457978,6101.0
Jharkhand,Pakaur,1788.3603396226415,-852.0,890.4038113207547,5876.0
Sikkim,West,1925.5268774703557,-1431.0,554.5453754940712,5869.0
Lakshadweep,Lakshadweep,769.3183959537572,-2007.0,100.84052023121387,5857.0
Odisha,Baudh,1230.0074162679425,-759.0,166.7207894736842,5786.0
Sikkim,South,970.7380078125,-919.0,393.86298828125,5738.0
Arunachal Pradesh,East Kameng,2316.2523636363635,-2564.0,260.1645454545455,5622.0
Sikkim,West Sikkim,1612.626015625,-2054.0,480.1367578125,5439.0
Ladakh,Leh,1134.200890410959,-969.0,421.56390410958903,5378.0
Ladakh,Kargil,774.8939664804469,-1317.0,217.44944134078213,5374.0
Arunachal Pradesh,Lohit,1493.0337581699348,-1576.0,336.5359150326798,5358.0
Himachal Pradesh,Kinnaur,532.9242369263608,-1974.0,77.5880469583778,5355.0
Arunachal Pradesh,Upper Subansiri,4410.210625,-2327.0,598.0457291666667,5270.0
Arunachal Pradesh,East Siang,2079.733351955307,-1988.0,558.969217877095,5188.0
Chhattisgarh,Gaurela-Pendra-Marwahi,1686.2431086142321,-538.0,780.3361797752809,5166.0
Madhya Pradesh,Maihar,596.4618279569893,173.0,382.5204147465438,5061.0
West Bengal,North Dinajpur,414.39346391752576,61.0,300.97935051546386,4976.0
Jammu And Kashmir,Kargil,636.8089982425307,-1392.0,171.20622144112477,4914.0
Tamil Nadu,Thiruvallur,271.17178156996584,-449.0,82.58815699658703,4763.0
Punjab,S.A.S Nagar(Mohali),338.8423765690377,-107.0,130.21617573221755,4669.0
Manipur,Kakching,1641.7884931506849,-1285.0,703.3561643835617,4650.0
Arunachal Pradesh,Longding,975.9374909090909,-1427.0,228.61956363636364,4621.0
Chhattisgarh,ManendragarhChirmiriBharatpur,572.2029541284403,143.0,492.3834311926605,4605.0
Jharkhand,Sahibganj,1098.8601379310344,-461.0,515.3305172413793,4577.0
Madhya Pradesh,Mauganj,476.17138248847925,283.0,345.63824884792626,4459.0
Dadra And Nagar Haveli And Daman And Diu,Diu,1499.6863837638377,-1890.0,233.25955719557194,4414.0
West Bengal,Coochbehar,0.0,2140.0,0.0,4410.0
Assam,Sribhumi,296.30381549815496,70.0,264.15743911439114,4348.0
Uttar Pradesh,Siddharth Nagar,0.0,1603.0,0.0,4341.0
Rajasthan,Jhunjhunu,236.99032258064517,-334.0,118.39569032258065,4313.0
Nagaland,Longleng,1104.8795454545455,-462.0,190.98242424242423,4196.0
Rajasthan,Chittaurgarh,354.35874865156416,-297.0,136.08501618122978,4125.0
Karnataka,Chamrajnagar,294.29909569798065,-248.0,107.07198419666375,4100.0
Arunachal Pradesh,Lower Subansiri,1911.666588235294,-1453.0,485.29411764705884,3959.0
Kerala,Kasargod,253.62884948778566,48.0,102.85788022064618,3815.0
Jammu And Kashmir,Leh,725.8205800464036,-1459.0,171.53294663573084,3815.0
Madhya Pradesh,Niwari,652.6766604127579,-1064.0,215.98343339587242,3758.0
Odisha,Anugul,300.8473689138577,-318.0,114.71128277153558,3668.0
Arunachal Pradesh,Kurung Kumey,3454.5287234042553,-1207.0,127.83691489361702,3644.0
Sikkim,South Sikkim,728.8462077922078,-1090.0,238.72293506493506,3632.0
Manipur,Jiribam,1617.058742857143,-394.0,533.9492571428572,3568.0
Gujarat,Sabar Kantha,174.73204946996466,1023.0,78.89575971731449,3542.0
Mizoram,Mammit,1089.0088372093023,-1655.0,159.41312292358805,3471.0
Arunachal Pradesh,Tawang,1072.1611417322833,-1732.0,187.8188976377953,3365.0
Maharashtra,Dharashiv,267.2064507542147,-31.0,198.1440283939663,3288.0
Arunachal Pradesh,Lower Dibang Valley,2468.40206185567,-1248.0,567.5773195876288,3173.0
Karnataka,Bengaluru South,299.200234791889,-7.0,260.67360725720386,3154.0
Karnataka,Chamarajanagar,338.74375510204084,-200.0,98.72786394557822,3031.0
Madhya Pradesh,Ashoknagar,0.0,1594.0,0.0,3011.0
West Bengal,Kalimpong,326.22938871473355,-257.0,226.19457680250787,2997.0
Karnataka,Bengaluru Rural,146.875,1434.0,115.625,2861.0
Arunachal Pradesh,Tirap,698.4181896551725,-1260.0,199.438275862069,2752.0
Arunachal Pradesh,Upper Siang,1274.0788947368421,-1106.0,374.693,2672.0
Gujarat,Surendranagar,194.28740282685513,730.0,110.17374558303887,2650.0
Haryana,Gurugram,0.0,1804.0,0.0,2636.0
Andaman And Nicobar Islands,Andamans,546.042602739726,-258.0,118.11262557077626,2563.0
Andhra Pradesh,Karim Nagar,254.318669527897,-306.0,81.33940987124464,2554.0
Uttar Pradesh,Shravasti,0.0,867.0,0.0,2535.0
Andaman And Nicobar Islands,Nicobar,926.9393181818182,-895.0,169.00754545454546,2329.0
Nagaland,Chumukedima,663.851393728223,-204.0,394.8142160278745,2274.0
Karnataka,Chikmagalur,294.6775901639344,-58.0,80.65845901639345,2094.0
Gujarat,Panch Mahals,168.57142857142858,835.0,85.71428571428571,2028.0
Arunachal Pradesh,Siang,960.3981920903956,-774.0,249.3322033898305,1976.0
Uttarakhand,Hardwar,224.20849389416554,-66.0,113.50067842605156,1926.0
Tamil Nadu,Ranipet,213.51825627476885,-292.0,118.85733157199472,1820.0
Arunachal Pradesh,Anjaw,1730.3183146067415,-646.0,425.8988764044944,1754.0
Maharashtra,Ahilyanagar,234.4459536784741,10.0,213.46502724795639,1748.0
Arunachal Pradesh,Kra Daadi,1600.091868131868,-691.0,267.142967032967,1735.0
Uttar Pradesh,Kushi Nagar,0.0,779.0,0.0,1570.0
Haryana,Nuh,0.0,1251.0,0.0,1506.0
Delhi,South East Delhi,1341.1227368421053,-197.0,680.8947368421053,1504.0
Jharkhand,East Singhbum,0.0,848.0,0.0,1447.0
Nagaland,Noklak,768.1380219780219,-149.0,170.7756043956044,1418.0
Rajasthan,Jalore,179.9781181619256,295.0,166.41137855579868,1319.0
Sikkim,North Sikkim,467.6624152542373,-565.0,108.36864406779661,1269.0
Haryana,Yamunanagar,471.0148,-77.0,118.4,1221.0
Rajasthan,Deeg,206.5021601489758,7.0,163.12847299813782,1208.0
Maharashtra,Raigarh(Mh),243.55272517321018,46.0,139.9538106235566,1204.0
Andhra Pradesh,K.V.Rangareddy,140.2268717277487,-98.0,45.41884816753927,1159.0
Telangana,Medchal?Malkajgiri,5254.545454545455,-489.0,1031.8181818181818,1158.0
Madhya Pradesh,Pandhurna,225.31971223021586,-7.0,132.9136690647482,1109.0
Assam,Tamulpur District,261.7403591160221,6.0,235.86555248618785,1071.0
Bihar,Purba Champaran,142.81431781701446,30.0,103.04974317817015,1050.0
Meghalaya,Eastern West Khasi Hills,127.4170786516854,1.0,98.83022471910111,1039.0
Delhi,Najafgarh,1060.7279310344827,-29.0,140.996091954023,1005.0
West Bengal,Dinajpur Dakshin,0.0,707.0,0.0,997.0
Telangana,Jangaon,251.43939393939394,-55.0,157.0959393939394,997.0
Chhattisgarh,Gaurella Pendra Marwahi,0.0,623.0,0.0,983.0
Nagaland,Meluri,1109.9098648648649,-156.0,90.0,952.0
Himachal Pradesh,Lahul And Spiti,245.9850700280112,-495.0,33.753501400560225,923.0
Rajasthan,Dhaulpur,293.5458461538462,-27.0,129.6288205128205,885.0
Gujarat,Dang,0.0,531.0,0.0,872.0
Bihar,Aurangabad(Bh),164.88230588235294,16.0,113.07842352941177,857.0
Rajasthan,Khairthal-Tijara,432.9842931937173,-3.0,397.90575916230364,827.0
Himachal Pradesh,Lahul & Spiti,212.44013812154697,-71.0,56.8232044198895,824.0
Nagaland,Shamator,357.0014893617021,-32.0,197.07691489361702,759.0
Uttar Pradesh,Jyotiba Phule Nagar,199.72036912751676,37.0,145.35795302013423,726.0
Dadra And Nagar Haveli And Daman And Diu,Dadra & Nagar Haveli,538.2352941176471,-47.0,113.02521008403362,717.0
Arunachal Pradesh,Shi-Yomi,693.8690476190476,-195.0,136.2797619047619,716.0
Punjab,S.A.S Nagar,0.0,493.0,0.0,705.0
Telangana,Medchal Malkajgiri,0.0,409.0,0.0,704.0
Assam,Bajali,185.6534090909091,12.0,169.17613636363637,695.0
Uttarakhand,Garhwal,224.70431451612902,20.0,104.55645161290323,672.0
Sikkim,North,321.54690607734807,-106.0,151.05889502762432,668.0
Nagaland,Niuland,476.1155118110236,-99.0,215.748031496063,648.0
West Bengal,Medinipur West,0.0,325.0,0.0,645.0
Arunachal Pradesh,Lower Siang,354.6474358974359,-305.0,105.60897435897436,631.0
Bihar,Samstipur,111.40156862745098,27.0,71.35074074074075,610.0
Arunachal Pradesh,Dibang Valley,613.0036263736264,-291.0,102.74725274725274,583.0
Rajasthan,Didwana-Kuchaman,168.80877742946709,1.0,149.52978056426332,542.0
West Bengal,24 Paraganas South,0.0,364.0,0.0,490.0
Assam,Dima Hasao,123.22404371584699,109.0,104.64480874316939,481.0
Pondicherry,Yanam,488.8888461538462,-23.0,257.4785897435898,479.0
Odisha,Nabarangpur,0.0,327.0,0.0,442.0
Assam,Sivasagar,0.0,204.0,0.0,422.0
Jammu And Kashmir,Shopian,0.0,308.0,0.0,412.0
Uttar Pradesh,Sant Ravidas Nagar Bhadohi,125.77910569105691,-10.0,80.79264227642277,409.0
Rajasthan,Kotputli-Behror,174.24892703862662,-1.0,153.6480686695279,406.0
Tamil Nadu,Kanchipuram,78.94736842105263,276.0,36.8421052631579,402.0
Rajasthan,Beawar,238.55421686746988,-1.0,223.49397590361446,397.0
Chhattisgarh,Janjgir Champa,122.99651567944251,0.0,57.66550522648084,381.0
Arunachal Pradesh,Kamle,476.6517857142857,-52.0,196.07142857142858,378.0
Rajasthan,Balotra,200.53475935828877,1.0,185.5614973262032,376.0
Chhattisgarh,Janjgir - Champa,240.02522727272728,27.0,108.08083333333333,370.0
Maharashtra,Ahmednagar,0.0,182.0,0.0,368.0
Bihar,Monghyr,147.10882653061225,24.0,100.34015306122448,356.0
Chhattisgarh,Manendragarhchirmiribharatpur,10400.0,-44.0,0.0,312.0
Bihar,Sheikpura,179.817734375,6.0,96.354140625,289.0
Telangana,Ranga Reddy,0.0,181.0,0.0,284.0
Nagaland,Tseminyu,381.8784126984127,-46.0,89.02126984126984,284.0
Sikkim,Namchi,139.7916875,3.0,132.9166875,254.0
West Bengal,Medinipur,103.15789473684211,3.0,63.421052631578945,227.0
Chhattisgarh,Mohalla-Manpur-Ambagarh Chowki,180.91170940170937,-21.0,108.11965811965813,227.0
Andhra Pradesh,Visakhapatanam,0.0,186.0,0.0,226.0
Karnataka,Ramanagara,0.0,168.0,0.0,204.0
Andhra Pradesh,Mahabubnagar,106.32530120481928,-30.0,33.734939759036145,184.0
Mizoram,Saitual,206.25,-32.0,106.875,180.0
Rajasthan,Salumbar,132.1138211382114,1.0,118.29268292682927,164.0
Manipur,Pherzawl,290.81632653061223,-1.0,266.3265306122449,156.0
Rajasthan,Phalodi,146.22641509433961,0.0,135.8490566037736,155.0
Bihar,Bhabua,99.27539130434782,10.0,69.27539130434782,154.0
Meghalaya,Kamrup,0.0,13.0,0.0,143.0
Arunachal Pradesh,Pakke Kessang,248.0392156862745,-26.0,98.03921568627452,134.0
Tamil Nadu,Tirupathur,201.61290322580646,-43.0,100.80645161290323,131.0
Telangana,Warangal (Urban),124.69135802469135,2.0,102.46913580246914,109.0
Himachal Pradesh,Lahaul And Spiti,108.33333333333333,-10.0,41.666666666666664,94.0
Uttar Pradesh,Mahrajganj,81.69014084507042,1.0,42.25352112676056,76.0
Mizoram,Khawzawl,81.03078947368421,-1.0,49.28736842105263,71.0
Goa,Bardez,116.98113207547169,-6.0,45.283018867924525,64.0
Sikkim,Mangan,118.18181818181819,0.0,118.18181818181819,55.0
Mizoram,Hnahthial,150.0,-8.0,94.11764705882354,54.0
Arunachal Pradesh,Leparada,143.75,-26.0,37.5,50.0
Chandigarh,Rupnagar,98.38709677419355,0.0,51.61290322580645,34.0
Meghalaya,Jaintia Hills,107.4074074074074,3.0,74.07407407407408,33.0
West Bengal,East Midnapur,118.18181818181819,1.0,54.54545454545455,27.0
Jammu And Kashmir,Rajauri,92.3076923076923,-1.0,46.15384615384615,26.0
Uttar Pradesh,Raebareli,95.0,-3.0,45.0,22.0
Jammu And Kashmir,Leh (Ladakh),87.5,-5.0,18.75,16.0
Karnataka,Bijapur(Kar),86.66666666666667,0.0,6.666666666666667,16.0
West Bengal,West Medinipur,100.0,0.0,69.23076923076923,15.0
Odisha,Anugal,92.85714285714286,1.0,64.28571428571429,15.0
West Bengal,South Dumdum(M),130.0,0.0,70.0,13.0
Tamil Nadu,Tuticorin,80.0,0.0,30.0,10.0
Chandigarh,Mohali,100.0,-2.0,33.333333333333336,9.0
Pondicherry,Viluppuram,100.0,-3.0,0.0,8.0
West Bengal,Burdwan,100.0,1.0,0.0,7.0
Andaman And Nicobar Islands,Nicobars,83.33333333333333,0.0,50.0,6.0
West Bengal,Bally Jagachha,100.0,0.0,16.666666666666668,6.0
Pondicherry,Cuddalore,120.0,0.0,0.0,6.0
Tamil Nadu,Tiruvarur,80.0,1.0,20.0,5.0
Jammu And Kashmir,Bandipur,50.0,2.0,25.0,4.0
Goa,Tiswadi,100.0,0.0,50.0,4.0
West Bengal,Domjur,100.0,0.0,25.0,4.0
Jammu And Kashmir,Poonch,100.0,-1.0,66.66666666666667,3.0
Manipur,Kangpokpi,100.0,0.0,33.333333333333336,3.0
Bihar,Madhepura,100.0,-2.0,33.333333333333336,3.0
Goa,Bicholim,100.0,0.0,100.0,2.0
Telangana,MedchalMalkajgiri,100.0,0.0,100.0,1.0
Haryana,Akhera,100.0,0.0,0.0,1.0
Maharashtra,Dist : Thane,100.0,0.0,100.0,1.0
West Bengal,Naihati Anandabazar,100.0,0.0,100.0,1.0
Jammu And Kashmir,?,100.0,0.0,0.0,1.0
Odisha,Balianta,100.0,0.0,100.0,1.0
Odisha,Bhadrak(R),100.0,0.0,100.0,1.0
